Date,RATE DAY,RATE MILE,Average Temp,Precipitation,Snow Depth,2015,2016,2017,2018,2019,2020,2021,y,Year
2022-01-01 00:00:00,29.99,0.59,-0.5,0.12,3,0.729166667,0.71875,0.754901961,0.64516129,0.492307692,0.655555556,0.812260536,0.705357143,2022
2022-01-02 00:00:00,29.99,0.59,23.5,0.00,3,0.680412371,0.734375,0.784313725,0.559055118,0.515306122,0.651933702,0.808429119,0.708333333,2022
2022-01-03 00:00:00,29.99,0.59,36.5,0.00,2,0.632653061,0.692307692,0.737864078,0.551181102,0.52020202,0.634831461,0.800766284,0.696428571,2022
2022-01-04 00:00:00,29.99,0.59,32.5,0.00,1,0.663265306,0.636363636,0.817307692,0.603174603,0.594871795,0.624309392,0.79389313,0.676646707,2022
2022-01-05 00:00:00,29.99,0.59,17.5,0.18,1,0.62244898,0.676923077,0.79047619,0.677419355,0.615384615,0.593406593,0.782442748,0.644776119,2022
2022-01-06 00:00:00,24.99,0.39,12.5,0.05,4,0.565656566,0.608695652,0.882352941,0.680327869,0.596938776,0.595628415,0.800766284,0.629850746,2022
2022-01-07 00:00:00,29.99,0.59,37.5,0.00,3,0.585858586,0.647887324,0.892156863,0.669354839,0.527918782,0.627027027,0.809160305,0.653614458,2022
2022-01-08 00:00:00,29.99,0.295,33.5,0.00,0,0.656565657,0.633802817,0.852941176,0.688,0.545454545,0.637837838,0.786259542,0.6996997,2022
2022-01-09 00:00:00,29.99,0.59,26.5,0.00,0,0.690721649,0.676470588,0.87254902,0.669354839,0.571428571,0.605405405,0.790076336,0.674698795,2022
2022-01-10 00:00:00,29.99,0.59,40,0.00,0,0.6875,0.652173913,0.851485149,0.64,0.604060914,0.60326087,0.797709924,0.64652568,2022
2022-01-11 00:00:00,29.99,0.59,43.5,0.00,0,0.666666667,0.61971831,0.873786408,0.698412698,0.588832487,0.657458564,0.808429119,0.682779456,2022
2022-01-12 00:00:00,29.99,0.59,44,0.00,0,0.604166667,0.614285714,0.871287129,0.701612903,0.624365482,0.653846154,0.781609195,0.664652568,2022
2022-01-13 00:00:00,29.99,0.45,48,0.00,0,0.635416667,0.768115942,0.871287129,0.725806452,0.593908629,0.628415301,0.785440613,0.644508671,2022
2022-01-14 00:00:00,29.99,0.59,34.5,0.00,0,0.705263158,0.865671642,0.861386139,0.717741935,0.558375635,0.609625668,0.80155642,0.629737609,2022
2022-01-15 00:00:00,29.99,0.59,34,0.00,0,0.684210526,0.863636364,0.823529412,0.664,0.575757576,0.585106383,0.789883268,0.650145773,2022
2022-01-16 00:00:00,24,0.472,39.5,0.00,0,0.666666667,0.861538462,0.825242718,0.725806452,0.631313131,0.617021277,0.80078125,0.645348837,2022
2022-01-17 00:00:00,29.99,0.1,43,0.00,0,0.65625,0.835820896,0.794117647,0.712,0.575,0.60106383,0.80155642,0.643478261,2022
2022-01-18 00:00:00,29.99,0.59,41,0.00,0,0.677083333,0.794117647,0.834951456,0.714285714,0.570707071,0.606382979,0.789883268,0.564469914,2022
2022-01-19 00:00:00,29.99,0.59,24,0.01,0,0.572916667,0.764705882,0.838095238,0.758064516,0.54,0.590425532,0.73151751,0.545977011,2022
2022-01-20 00:00:00,29.99,0.59,27.5,0.00,0,0.614583333,0.858974359,0.847619048,0.715447154,0.545,0.55026455,0.73151751,0.573065903,2022
2022-01-21 00:00:00,29.99,0.59,26,0.02,0,0.625,0.828947368,0.859813084,0.696,0.472636816,0.547368421,0.70703125,0.584527221,2022
2022-01-22 00:00:00,29.99,0.59,30.5,0.00,0,0.635416667,0.890410959,0.816513761,0.704,0.48,0.555555556,0.731225296,0.585714286,2022
2022-01-23 00:00:00,29.99,0.59,36.5,0.00,0,0.622222222,0.861111111,0.774774775,0.68,0.537313433,0.595744681,0.662698413,0.578347578,2022
2022-01-24 00:00:00,29.99,0.59,33.5,0.00,0,0.611111111,0.763888889,0.807017544,0.677419355,0.559405941,0.666666667,0.662698413,0.557142857,2022
2022-01-25 00:00:00,29.99,0.59,17,0.25,0,0.651685393,0.783783784,0.840707965,0.707317073,0.595,0.672222222,0.658823529,0.545977011,2022
2022-01-26 00:00:00,29.99,0.39,20,0.00,4,0.611111111,0.826666667,0.833333333,0.723577236,0.645,0.670391061,0.619607843,0.531791908,2022
2022-01-27 00:00:00,29.99,0.49,16.5,0.15,3,0.692307692,0.789473684,0.811965812,0.721311475,0.641791045,0.598870056,0.65234375,0.563953488,2022
2022-01-28 00:00:00,24.99,0.1,24,0.00,3,0.588888889,0.905405405,0.895652174,0.733333333,0.554455446,0.607734807,0.66536965,0.588921283,2022
2022-01-29 00:00:00,29.99,0.59,39,0.00,2,0.588888889,0.917808219,0.840707965,0.669491525,0.618811881,0.625698324,0.68627451,0.687315634,2022
2022-01-30 00:00:00,29.99,0.59,34,0.00,1,0.626373626,0.945205479,0.756521739,0.611570248,0.592964824,0.657303371,0.739130435,0.657817109,2022
2022-01-31 00:00:00,19,0.29,42,0.00,1,0.659090909,0.876712329,0.842105263,0.636363636,0.618090452,0.693181818,0.746031746,0.601173021,2022
2022-02-01 00:00:00,29.99,0.49,23,0.08,0,0.670454545,0.888888889,0.863247863,0.639344262,0.639593909,0.697674419,0.709803922,0.587719298,2022
2022-02-02 00:00:00,29.99,0.49,6,0.11,2,0.627906977,0.777777778,0.843478261,0.609756098,0.664974619,0.697142857,0.635294118,0.552631579,2022
2022-02-03 00:00:00,19.99,0.49,5.5,0.00,1,0.632183908,0.810810811,0.788135593,0.704918033,0.651515152,0.604519774,0.639215686,0.570588235,2022
2022-02-04 00:00:00,24.99,0.49,18,0.00,1,0.701149425,0.810810811,0.834782609,0.666666667,0.54040404,0.598870056,0.615686275,0.584070796,2022
2022-02-05 00:00:00,24.99,0.49,36,0.00,1,0.724137931,0.904109589,0.808695652,0.642276423,0.557788945,0.58988764,0.618677043,0.627218935,2022
2022-02-06 00:00:00,29.99,0.49,31,0.00,0,0.735632184,0.944444444,0.75862069,0.677419355,0.537688442,0.646067416,0.690196078,0.633136095,2022
2022-02-07 00:00:00,29.99,0.49,38,0.00,0,0.686046512,0.944444444,0.765217391,0.658730159,0.48989899,0.649425287,0.68359375,0.584569733,2022
2022-02-08 00:00:00,24.99,0.35,41,0.00,0,0.697674419,0.833333333,0.761061947,0.663934426,0.542713568,0.686046512,0.658914729,0.590504451,2022
2022-02-09 00:00:00,29.99,0.49,40.5,0.00,0,0.604651163,0.861111111,0.821428571,0.727272727,0.56281407,0.69005848,0.621621622,0.598214286,2022
2022-02-10 00:00:00,29.99,0.49,46,0.00,0,0.69047619,0.861111111,0.87037037,0.702479339,0.515,0.656804734,0.613899614,0.606606607,2022
2022-02-11 00:00:00,24.99,0.29,35,0.24,0,0.752941176,0.902777778,0.859813084,0.685950413,0.507537688,0.639534884,0.642023346,0.608433735,2022
2022-02-12 00:00:00,24.99,0.25,26,0.00,3,0.811764706,0.876712329,0.842592593,0.661157025,0.552238806,0.67251462,0.677042802,0.651651652,2022
2022-02-13 00:00:00,29.99,0.49,38.5,0.00,2,0.776470588,0.875,0.883928571,0.628099174,0.534653465,0.719298246,0.72265625,0.656626506,2022
2022-02-14 00:00:00,24.99,0.49,43.5,0.00,0,0.776470588,0.816901408,0.886956522,0.672131148,0.54679803,0.738095238,0.697674419,0.624624625,2022
2022-02-15 00:00:00,29.99,0.49,43.5,0.00,0,0.8,0.830985915,0.868421053,0.663934426,0.605,0.758823529,0.702702703,0.610778443,2022
2022-02-16 00:00:00,29.99,0.49,25,0.24,3,0.717647059,0.842857143,0.884955752,0.754098361,0.608040201,0.725146199,0.702702703,0.597597598,2022
2022-02-17 00:00:00,24.99,0.49,21.5,0.03,4,0.741176471,0.85915493,0.891891892,0.727272727,0.580808081,0.643678161,0.725868726,0.618181818,2022
2022-02-18 00:00:00,29.99,0.59,32.5,0.00,3,0.785714286,0.9,0.873873874,0.721311475,0.538071066,0.613636364,0.713178295,0.658385093,2022
2022-02-19 00:00:00,29.99,0.49,42.5,0.00,1,0.833333333,0.913043478,0.872727273,0.682926829,0.535353535,0.659090909,0.707692308,0.695924765,2022
2022-02-20 00:00:00,29.99,0.49,48,0.00,0,0.785714286,0.842857143,0.927927928,0.647540984,0.577319588,0.582857143,0.780769231,0.664576803,2022
2022-02-21 00:00:00,22,0.4312,28.5,0.00,0,0.761904762,0.85915493,0.875,0.672131148,0.618556701,0.659090909,0.746153846,0.659305994,2022
2022-02-22 00:00:00,29.99,0.49,2.5,0.09,0,0.738095238,0.85915493,0.881818182,0.731707317,0.596858639,0.739884393,0.703846154,0.624605678,2022
2022-02-23 00:00:00,29.99,0.49,3.5,0.02,1,0.714285714,0.835616438,0.872727273,0.647540984,0.664921466,0.674285714,0.681992337,0.639498433,2022
2022-02-24 00:00:00,29.99,0.49,12,0.13,2,0.78313253,0.810810811,0.918181818,0.803278689,0.668393782,0.598837209,0.708812261,0.67192429,2022
2022-02-25 00:00:00,50,0.49,14.5,0.00,2,0.914634146,0.904109589,0.935779817,0.782258065,0.587628866,0.620689655,0.726923077,0.688888889,2022
2022-02-26 00:00:00,24.99,0.49,23,0.00,1,0.8125,0.893333333,0.881818182,0.707317073,0.612565445,0.637931034,0.763565891,0.746794872,2022
2022-02-27 00:00:00,29.99,0.49,39.5,0.00,0,0.8625,0.957746479,0.900900901,0.713114754,0.666666667,0.710059172,0.826771654,0.758842444,2022
2022-02-28 00:00:00,24.99,0.49,49,0.00,0,0.8875,0.915492958,0.944954128,0.739837398,0.691489362,0.738095238,0.817460317,0.697068404,2022
2022-03-01 00:00:00,24.99,0.49,53.5,0.00,0,0.864197531,0.888888889,0.926605505,0.729508197,0.770053476,0.781818182,0.767716535,0.708609272,2022
2022-03-02 00:00:00,25,0.27,58,0.00,0,0.777777778,0.901408451,0.944444444,0.725806452,0.803278689,0.76969697,0.727626459,0.721311475,2022
2022-03-03 00:00:00,29.99,0.49,55.5,0.00,0,0.827160494,0.876712329,0.944444444,0.756097561,0.730769231,0.603550296,0.71372549,0.732899023,2022
2022-03-04 00:00:00,24.99,0.1,49,0.00,0,0.75308642,0.904109589,0.925233645,0.739837398,0.631016043,0.650887574,0.6875,0.716612378,2022
2022-03-05 00:00:00,22,0.35,30,0.18,0,0.8,0.876712329,0.87037037,0.616,0.666666667,0.645348837,0.722222222,0.750809061,2022
2022-03-06 00:00:00,29.99,0.49,17,0.09,3,0.8,0.9,0.880733945,0.624,0.657754011,0.61849711,0.756097561,0.712903226,2022
2022-03-07 00:00:00,29.99,0.49,17,0.00,2,0.8125,0.898550725,0.851851852,0.664,0.681081081,0.63372093,0.718875502,0.702265372,2022
2022-03-08 00:00:00,29.99,0.49,27.5,0.00,1,0.7875,0.826086957,0.897196262,0.700787402,0.664864865,0.676300578,0.691699605,0.690553746,2022
2022-03-09 00:00:00,29.99,0.59,13,0.11,0,0.772151899,0.797101449,0.844036697,0.677165354,0.723756906,0.678362573,0.69140625,0.683006536,2022
2022-03-10 00:00:00,29.99,0.59,6,0.00,2,0.886075949,0.855072464,0.898148148,0.664,0.69273743,0.545977011,0.720472441,0.656862745,2022
2022-03-11 00:00:00,24.99,0.49,17.5,0.00,1,0.8875,0.855072464,0.859813084,0.626984127,0.627777778,0.64,0.739130435,0.685245902,2022
2022-03-12 00:00:00,19.99,0.52,39,0.00,0,0.864197531,0.869565217,0.878504673,0.582677165,0.619565217,0.607954545,0.741035857,0.718032787,2022
2022-03-13 00:00:00,29.99,0.52,45.5,0.00,0,0.8375,0.895522388,0.853211009,0.592307692,0.580110497,0.594285714,0.702380952,0.678688525,2022
2022-03-14 00:00:00,29.99,0.52,42,0.00,0,0.8375,0.865671642,0.844827586,0.609375,0.596685083,0.585227273,0.702380952,0.653594771,2022
2022-03-15 00:00:00,29.99,0.52,49.5,0.00,0,0.797468354,0.838235294,0.896551724,0.592,0.783333333,0.66091954,0.706349206,0.653594771,2022
2022-03-16 00:00:00,29.99,0.468,43.5,0.41,0,0.810126582,0.884057971,0.847457627,0.64516129,0.808988764,0.674285714,0.717131474,0.629508197,2022
2022-03-17 00:00:00,29.99,0.52,34,0.21,4,0.825,0.880597015,0.881355932,0.624,0.758426966,0.539325843,0.76,0.639344262,2022
2022-03-18 00:00:00,29.99,0.52,31.5,0.00,3,0.814814815,0.823529412,0.881355932,0.620967742,0.648351648,0.561111111,0.789473684,0.663398693,2022
2022-03-19 00:00:00,27,0.52,41,0.00,0,0.8625,0.897058824,0.857142857,0.5859375,0.651933702,0.539325843,0.832653061,0.73442623,2022
2022-03-20 00:00:00,29.99,0.52,52,0.00,0,0.8375,0.880597015,0.831932773,0.616,0.696132597,0.56424581,0.83127572,0.713355049,2022
2022-03-21 00:00:00,29.99,0.52,36.5,0.00,0,0.802469136,0.865671642,0.788135593,0.648,0.650537634,0.570621469,0.841666667,0.649350649,2022
2022-03-22 00:00:00,29.99,0.61,35,0.00,0,0.814814815,0.835820896,0.779661017,0.619834711,0.699453552,0.683908046,0.759183673,0.647249191,2022
2022-03-23 00:00:00,29.99,0.52,42,0.00,0,0.802469136,0.852941176,0.820512821,0.680672269,0.744444444,0.668571429,0.804979253,0.668831169,2022
2022-03-24 00:00:00,15,0.35,50.5,0.00,0,0.817073171,0.785714286,0.838983051,0.701754386,0.716666667,0.574712644,0.791836735,0.67218543,2022
2022-03-25 00:00:00,29.99,0.52,46,0.00,0,0.790123457,0.849315068,0.811965812,0.743362832,0.659090909,0.630952381,0.801652893,0.717607973,2022
2022-03-26 00:00:00,19.99,0.55,55.5,0.00,0,0.873417722,0.888888889,0.827586207,0.675213675,0.670454545,0.660714286,0.782426778,0.794612795,2022
2022-03-27 00:00:00,29.99,0.52,53,0.00,0,0.898734177,0.875,0.782608696,0.669491525,0.644067797,0.696428571,0.822033898,0.77852349,2022
2022-03-28 00:00:00,29.99,0.52,60,0.00,0,0.884615385,0.861111111,0.826086957,0.689655172,0.666666667,0.739393939,0.817021277,0.721854305,2022
2022-03-29 00:00:00,29.99,0.52,42.5,0.17,0,0.860759494,0.888888889,0.780701754,0.700854701,0.683615819,0.76875,0.793991416,0.686468647,2022
2022-03-30 00:00:00,29.99,0.59,35.5,0.00,0,0.873417722,0.930555556,0.789473684,0.769230769,0.778409091,0.759259259,0.826271186,0.702970297,2022
2022-03-31 00:00:00,0,0.05,44,0.00,0,0.814814815,0.845070423,0.793103448,0.817391304,0.727272727,0.672839506,0.852320675,0.757475083,2022
2022-04-01 00:00:00,29.99,0.52,44.5,0.00,0,0.817073171,0.913043478,0.813559322,0.782608696,0.642045455,0.66875,0.835443038,0.774086379,2022
2022-04-02 00:00:00,125,0.35,49.5,0.00,0,0.75,0.9,0.786324786,0.739495798,0.630681818,0.670807453,0.815450644,0.803986711,2022
2022-04-03 00:00:00,29.99,0.79,43.5,0.00,0,0.82278481,0.855072464,0.68907563,0.683333333,0.610169492,0.633540373,0.82278481,0.813953488,2022
2022-04-04 00:00:00,29.99,0.52,49.5,0.00,0,0.896103896,0.808823529,0.703389831,0.705882353,0.623595506,0.696202532,0.767634855,0.755852843,2022
2022-04-05 00:00:00,29.99,0.52,47,0.00,0,0.91025641,0.771428571,0.737288136,0.725,0.664772727,0.737179487,0.752066116,0.719063545,2022
2022-04-06 00:00:00,29.99,0.59,37.5,0.00,0,0.833333333,0.774647887,0.745762712,0.710743802,0.755681818,0.721518987,0.803278689,0.710963455,2022
2022-04-07 00:00:00,29.99,0.52,40,0.00,0,0.883116883,0.782608696,0.775862069,0.786324786,0.708571429,0.685185185,0.819672131,0.737541528,2022
2022-04-08 00:00:00,29.99,0.79,43,0.00,0,0.833333333,0.710144928,0.8,0.760683761,0.642045455,0.685185185,0.795081967,0.737541528,2022
2022-04-09 00:00:00,29.99,0.59,60,0.00,0,0.922077922,0.811594203,0.843478261,0.724137931,0.607954545,0.677018634,0.851851852,0.754966887,2022
2022-04-10 00:00:00,29.99,0.52,45.5,0.01,0,0.87012987,0.855072464,0.808695652,0.737288136,0.581920904,0.731707317,0.870292887,0.764900662,2022
2022-04-11 00:00:00,29.99,0.59,45.5,0.00,0,0.868421053,0.826086957,0.808695652,0.74789916,0.628571429,0.733333333,0.825,0.715719064,2022
2022-04-12 00:00:00,29.99,0.59,43,0.00,0,0.894736842,0.75,0.826086957,0.796610169,0.653409091,0.745454545,0.813278008,0.666666667,2022
2022-04-13 00:00:00,29.99,0.59,27,0.00,0,0.844155844,0.878787879,0.89380531,0.813559322,0.734104046,0.745454545,0.842323651,0.675585284,2022
2022-04-14 00:00:00,29.99,0.59,38.5,0.00,0,0.855263158,0.861538462,0.920353982,0.831932773,0.708571429,0.731707317,0.795081967,0.711864407,2022
2022-04-15 00:00:00,29.99,0.59,44.5,0.00,0,0.842105263,0.863636364,0.884955752,0.786324786,0.668571429,0.733333333,0.795081967,0.738983051,2022
2022-04-16 00:00:00,29.99,0.59,44,0.00,0,0.805194805,0.893939394,0.867256637,0.788135593,0.691428571,0.734939759,0.818930041,0.788395904,2022
2022-04-17 00:00:00,29.99,0.59,50,0.00,0,0.857142857,0.893939394,0.842105263,0.764705882,0.697142857,0.728915663,0.846473029,0.778156997,2022
2022-04-18 00:00:00,29.99,0.59,43.5,0.00,0,0.935897436,0.863636364,0.815789474,0.779661017,0.682080925,0.759036145,0.860759494,0.707482993,2022
2022-04-19 00:00:00,29.99,0.49,58,0.00,0,0.884615385,0.803030303,0.807017544,0.820512821,0.69005848,0.791411043,0.797468354,0.683501684,2022
2022-04-20 00:00:00,29.99,0.59,52.5,0.00,0,0.82278481,0.805970149,0.843478261,0.848739496,0.797687861,0.786585366,0.809322034,0.702702703,2022
2022-04-21 00:00:00,29.99,0.59,59.5,0.00,0,0.734177215,0.818181818,0.860869565,0.908333333,0.744186047,0.748466258,0.835443038,0.672297297,2022
2022-04-22 00:00:00,29.99,0.59,70,0.00,0,0.82278481,0.815384615,0.877192982,0.85,0.653179191,0.724550898,0.836820084,0.718120805,2022
2022-04-23 00:00:00,29.99,0.59,48,0.00,0,0.807692308,0.861538462,0.842105263,0.801652893,0.649425287,0.766467066,0.857142857,0.832214765,2022
2022-04-24 00:00:00,29.99,0.59,41.5,0.00,0,0.807692308,0.919354839,0.771929825,0.74015748,0.712643678,0.734939759,0.828451883,0.808080808,2022
2022-04-25 00:00:00,29.99,0.52,45.5,0.00,0,0.922077922,0.920634921,0.793103448,0.732283465,0.72,0.771084337,0.81512605,0.720538721,2022
2022-04-26 00:00:00,0,0,54.5,0.00,0,0.855263158,0.857142857,0.853448276,0.8,0.724719101,0.837349398,0.820083682,0.718644068,2022
2022-04-27 00:00:00,59.99,0.99,59,0.00,0,0.805194805,0.920634921,0.904347826,0.838461538,0.790960452,0.831325301,0.841004184,0.723905724,2022
2022-04-28 00:00:00,20,0.35,59,0.00,0,0.831168831,0.873015873,0.928571429,0.875968992,0.766666667,0.767857143,0.8375,0.714765101,2022
2022-04-29 00:00:00,29.99,0.59,52.5,0.05,0,0.883116883,0.861538462,0.919642857,0.868217054,0.657458564,0.773255814,0.85,0.749152542,2022
2022-04-30 00:00:00,59.99,0.79,50.5,0.00,0,0.894736842,0.890625,0.927927928,0.740458015,0.627777778,0.817647059,0.877637131,0.815699659,2022
2022-05-01 00:00:00,170,1.16,50,0.42,0,0.866666667,0.936507937,0.828828829,0.763358779,0.679775281,0.856287425,0.899159664,0.819112628,2022
2022-05-02 00:00:00,24,0.632,38,0.46,0,0.881578947,0.923076923,0.849557522,0.751879699,0.689265537,0.819277108,0.883333333,0.725423729,2022
2022-05-03 00:00:00,29.99,0.79,45.5,0.02,0,0.894736842,0.861538462,0.852173913,0.748091603,0.703910615,0.864197531,0.789256198,0.717171717,2022
2022-05-04 00:00:00,150,0.79,45,0.09,0,0.84,0.861538462,0.844827586,0.727272727,0.754189944,0.8375,0.796747967,0.739130435,2022
2022-05-05 00:00:00,29.99,0.79,54.5,0.00,0,0.893333333,0.861538462,0.817391304,0.832061069,0.711864407,0.863636364,0.844621514,0.703333333,2022
2022-05-06 00:00:00,29.99,0.79,64.5,0.00,0,0.786666667,0.876923077,0.927927928,0.840909091,0.632768362,0.823899371,0.831372549,0.720538721,2022
2022-05-07 00:00:00,29.99,0.79,69.5,0.00,0,0.866666667,0.867647059,0.863636364,0.763358779,0.613636364,0.782608696,0.850393701,0.766891892,2022
2022-05-08 00:00:00,29.99,0.79,60.5,0.00,0,0.88,0.9,0.827272727,0.686567164,0.645714286,0.83125,0.799212598,0.763513514,2022
2022-05-09 00:00:00,29.99,0.79,57,0.00,0,0.906666667,0.871428571,0.89380531,0.713235294,0.655367232,0.874172185,0.778656126,0.689419795,2022
2022-05-10 00:00:00,29.99,0.79,58.5,0.00,0,0.918918919,0.857142857,0.853211009,0.78358209,0.728813559,0.925170068,0.765625,0.72972973,2022
2022-05-11 00:00:00,29.99,0.79,67,0.00,0,0.824324324,0.771428571,0.880733945,0.785185185,0.741573034,0.926174497,0.803921569,0.701694915,2022
2022-05-12 00:00:00,29.99,0.79,57,0.00,0,0.917808219,0.816901408,0.907407407,0.792592593,0.735955056,0.888888889,0.78125,0.722033898,2022
2022-05-13 00:00:00,0,0,56,0.00,0,0.918918919,0.805555556,0.884615385,0.733333333,0.707865169,0.860759494,0.765384615,0.752542373,2022
2022-05-14 00:00:00,29.4,0.7742,62.5,0.00,0,0.906666667,0.830985915,0.828571429,0.683823529,0.676136364,0.882716049,0.756653992,0.8,2022
2022-05-15 00:00:00,29.99,0.79,62.5,0.00,0,0.893333333,0.884057971,0.822429907,0.755555556,0.709497207,0.899371069,0.832061069,0.816949153,2022
2022-05-16 00:00:00,29.99,0.79,68,0.00,0,0.946666667,0.842857143,0.871559633,0.713235294,0.724719101,0.9,0.800766284,0.722408027,2022
2022-05-17 00:00:00,29.99,0.79,67.5,0.00,0,0.893333333,0.816901408,0.880733945,0.746268657,0.735955056,0.936708861,0.776515152,0.722408027,2022
2022-05-18 00:00:00,29.99,0.79,66,0.00,0,0.8,0.774647887,0.854545455,0.813432836,0.778409091,0.923566879,0.778195489,0.734006734,2022
2022-05-19 00:00:00,99.99,0.99,63,0.00,0,0.866666667,0.873239437,0.908256881,0.954887218,0.755681818,0.911392405,0.776119403,0.715254237,2022
2022-05-20 00:00:00,199.99,1.15,36.5,0.71,0,0.842105263,0.855072464,0.87962963,0.857142857,0.672316384,0.877300613,0.804511278,0.746575342,2022
2022-05-21 00:00:00,29.99,0.79,40.5,0.07,2,0.855263158,0.865671642,0.87962963,0.78358209,0.679558011,0.847560976,0.797752809,0.759450172,2022
2022-05-22 00:00:00,170,1.0965,48,0.00,0,0.881578947,0.925373134,0.854545455,0.700729927,0.699453552,0.88372093,0.794776119,0.767123288,2022
2022-05-23 00:00:00,199.99,1.29,51,0.00,0,0.88,0.925373134,0.803571429,0.746268657,0.70718232,0.880952381,0.787313433,0.730375427,2022
2022-05-24 00:00:00,133.32,1.29,46,0.00,0,0.853333333,0.820895522,0.833333333,0.772058824,0.797687861,0.911242604,0.750929368,0.704081633,2022
2022-05-25 00:00:00,199.99,1.29,55.5,0.00,0,0.8,0.863636364,0.834782609,0.77037037,0.868263473,0.911764706,0.732342007,0.738983051,2022
2022-05-26 00:00:00,20.99,0.1,61,0.00,0,0.84,0.880597015,0.834782609,0.923664122,0.837349398,0.876470588,0.771217712,0.757679181,2022
2022-05-27 00:00:00,100,1,72.5,0.00,0,0.88,0.882352941,0.857142857,0.829457364,0.760479042,0.850574713,0.77037037,0.76109215,2022
2022-05-28 00:00:00,40,0.1,69,0.00,0,0.813333333,0.826086957,0.857142857,0.712121212,0.730994152,0.853107345,0.764925373,0.824137931,2022
2022-05-29 00:00:00,199.99,1.29,63,0.11,0,0.802631579,0.924242424,0.824561404,0.742647059,0.763313609,0.897727273,0.805970149,0.821917808,2022
2022-05-30 00:00:00,29.99,0.79,54,0.00,0,0.921052632,0.909090909,0.833333333,0.84057971,0.860606061,0.891428571,0.797752809,0.779310345,2022
2022-05-31 00:00:00,29.99,0.79,52.5,0.71,0,0.921052632,0.8,0.866666667,0.830882353,0.847560976,0.89017341,0.766917293,0.723905724,2022
2022-06-01 00:00:00,29.99,0.316,48.5,0.52,0,0.805194805,0.850746269,0.906779661,0.808823529,0.925,0.872093023,0.779026217,0.753333333,2022
2022-06-02 00:00:00,29.99,0.79,57,0.00,0,0.907894737,0.842857143,0.915254237,0.861313869,0.864197531,0.869318182,0.791821561,0.74916388,2022
2022-06-03 00:00:00,29.99,0.79,62.5,0.00,0,0.907894737,0.771428571,0.906779661,0.826086957,0.825301205,0.876404494,0.781021898,0.766666667,2022
2022-06-04 00:00:00,29.99,0.79,68.5,0.00,0,0.883116883,0.753623188,0.858333333,0.748201439,0.790419162,0.86440678,0.748175182,0.822742475,2022
2022-06-05 00:00:00,29.99,0.79,70.5,0.00,0,0.92,0.746478873,0.804878049,0.712230216,0.791666667,0.875,0.759124088,0.83,2022
2022-06-06 00:00:00,29.99,0.79,66.5,0.00,0,0.972972973,0.702702703,0.819672131,0.784172662,0.788235294,0.875,0.750915751,0.751677852,2022
2022-06-07 00:00:00,29.99,0.79,67.5,0.00,0,0.945945946,0.746666667,0.834710744,0.753521127,0.804733728,0.898305085,0.687272727,0.79,2022
2022-06-08 00:00:00,29.99,0.79,64.5,0.00,0,0.883116883,0.805194805,0.837398374,0.8,0.872727273,0.898876404,0.730909091,0.785953177,2022
2022-06-09 00:00:00,29.99,0.79,72.5,0.00,0,0.907894737,0.835443038,0.832,0.883211679,0.818181818,0.851428571,0.742753623,0.755852843,2022
2022-06-10 00:00:00,29.99,0.79,71,0.00,0,0.893333333,0.794871795,0.838709677,0.84057971,0.777108434,0.848837209,0.812274368,0.784511785,2022
2022-06-11 00:00:00,89.99,0.99,82,0.00,0,0.934210526,0.857142857,0.814516129,0.707142857,0.792899408,0.822857143,0.802867384,0.824324324,2022
2022-06-12 00:00:00,79.99,0.99,78,0.01,0,0.907894737,0.905405405,0.803149606,0.732394366,0.827380952,0.842105263,0.785714286,0.810810811,2022
2022-06-13 00:00:00,70,0.8712,78.5,0.00,0,0.917808219,0.842105263,0.78030303,0.711267606,0.805882353,0.876470588,0.759717314,0.787878788,2022
2022-06-14 00:00:00,18,0.474,67.5,0.00,0,0.931506849,0.766233766,0.80620155,0.764285714,0.882352941,0.910179641,0.731448763,0.782608696,2022
2022-06-15 00:00:00,79.99,0.99,67.5,0.00,0,0.891891892,0.717948718,0.837209302,0.85,0.888235294,0.910179641,0.736842105,0.806666667,2022
2022-06-16 00:00:00,79.99,0.99,72,0.00,0,0.866666667,0.766233766,0.905511811,0.85915493,0.843023256,0.898809524,0.754385965,0.787878788,2022
2022-06-17 00:00:00,99.99,1.29,78.5,0.00,0,0.84,0.844155844,0.848,0.818181818,0.779069767,0.87037037,0.764912281,0.80952381,2022
2022-06-18 00:00:00,29.99,0.79,78,0.00,0,0.824324324,0.82278481,0.817460317,0.741258741,0.8,0.890909091,0.75,0.829351536,2022
2022-06-19 00:00:00,79.99,0.99,79,0.00,0,0.876712329,0.858974359,0.825396825,0.736111111,0.8,0.873493976,0.737024221,0.812286689,2022
2022-06-20 00:00:00,199.99,0.99,73,0.00,0,0.929577465,0.833333333,0.801587302,0.755244755,0.803370787,0.877300613,0.740484429,0.789830508,2022
2022-06-21 00:00:00,29.99,0.79,64,0.00,0,0.928571429,0.818181818,0.833333333,0.783216783,0.846590909,0.871165644,0.734482759,0.800675676,2022
2022-06-22 00:00:00,29.99,0.79,69.5,0.00,0,0.885714286,0.810126582,0.850393701,0.85106383,0.908045977,0.865030675,0.772413793,0.795221843,2022
2022-06-23 00:00:00,99.99,1.29,75.5,0.00,0,0.830985915,0.848101266,0.896825397,0.90647482,0.898305085,0.861445783,0.786941581,0.788395904,2022
2022-06-24 00:00:00,99.99,1.29,75,0.00,0,0.885714286,0.759493671,0.887096774,0.913043478,0.787709497,0.854545455,0.787671233,0.810996564,2022
2022-06-25 00:00:00,60,0.3225,62.5,0.00,0,0.871428571,0.802631579,0.901639344,0.856115108,0.744444444,0.860606061,0.820069204,0.824742268,2022
2022-06-26 00:00:00,199.99,1.29,63.5,0.00,0,0.842857143,0.909090909,0.856,0.798561151,0.79558011,0.871165644,0.839721254,0.819112628,2022
2022-06-27 00:00:00,79.99,0.99,71,0.00,0,0.885714286,0.820512821,0.845528455,0.758865248,0.823863636,0.886792453,0.839721254,0.773195876,2022
2022-06-28 00:00:00,119.98,1.29,75,0.00,0,0.914285714,0.769230769,0.9,0.811594203,0.81871345,0.874213836,0.802083333,0.751724138,2022
2022-06-29 00:00:00,29.99,0.79,77,0.05,0,0.897058824,0.8,0.906779661,0.842105263,0.899408284,0.911392405,0.786941581,0.764505119,2022
2022-06-30 00:00:00,199.99,1.29,69.5,0.00,0,0.911764706,0.866666667,0.907563025,0.8515625,0.887573964,0.874213836,0.796551724,0.768965517,2022
2022-07-01 00:00:00,29.99,0.79,69.5,0.16,0,0.897058824,0.878378378,0.899159664,0.832061069,0.794117647,0.881987578,0.815068493,0.756944444,2022
2022-07-02 00:00:00,199.99,0.79,73.5,0.00,0,0.838235294,0.890410959,0.875,0.784615385,0.779069767,0.8875,0.802768166,0.763250883,2022
2022-07-03 00:00:00,29.99,0.79,78.5,0.00,0,0.823529412,0.853333333,0.902439024,0.821705426,0.722543353,0.910828025,0.782758621,0.757042254,2022
2022-07-04 00:00:00,10.99,0.1,80.5,0.00,0,0.7,0.789473684,0.817460317,0.765151515,0.74137931,0.904458599,0.783505155,0.764084507,2022
2022-07-05 00:00:00,29.99,0.79,79,0.01,0,0.685714286,0.792207792,0.763779528,0.763358779,0.721590909,0.866242038,0.762068966,0.73943662,2022
2022-07-06 00:00:00,29.99,0.79,73,0.01,0,0.757142857,0.765432099,0.784615385,0.770992366,0.797687861,0.859872611,0.786206897,0.774305556,2022
2022-07-07 00:00:00,21,0.58,75,0.32,0,0.768115942,0.729411765,0.792307692,0.790697674,0.752873563,0.855345912,0.75432526,0.828767123,2022
2022-07-08 00:00:00,25,0.1,77,0.00,0,0.695652174,0.741176471,0.776923077,0.8,0.670391061,0.85,0.761245675,0.846416382,2022
2022-07-09 00:00:00,29.99,0.79,83,0.00,0,0.782608696,0.788235294,0.782945736,0.71969697,0.69273743,0.86875,0.756013746,0.85665529,2022
2022-07-10 00:00:00,29.99,0.79,85,0.03,0,0.838235294,0.829268293,0.770992366,0.755725191,0.716666667,0.882716049,0.756013746,0.846416382,2022
2022-07-11 00:00:00,29.99,0.79,70,0.00,0,0.768115942,0.761904762,0.787878788,0.753731343,0.735955056,0.869565217,0.762886598,0.797297297,2022
2022-07-12 00:00:00,29.99,0.79,77,0.00,0,0.728571429,0.770114943,0.807692308,0.755725191,0.751412429,0.8875,0.739726027,0.793918919,2022
2022-07-13 00:00:00,29.99,0.79,79.5,0.00,0,0.728571429,0.752808989,0.784615385,0.8203125,0.761363636,0.882716049,0.757679181,0.787162162,2022
2022-07-14 00:00:00,29.99,0.79,84.5,0.01,0,0.657142857,0.813953488,0.753968254,0.821705426,0.762711864,0.901162791,0.749140893,0.793918919,2022
2022-07-15 00:00:00,29.99,0.79,81.5,0.00,0,0.742857143,0.790697674,0.8,0.801526718,0.681564246,0.894736842,0.76975945,0.821548822,2022
2022-07-16 00:00:00,29.99,0.79,77.5,0.00,0,0.785714286,0.78313253,0.765625,0.736842105,0.701657459,0.910714286,0.774744027,0.838926174,2022
2022-07-17 00:00:00,29.99,0.79,79.5,0.00,0,0.774647887,0.817073171,0.730769231,0.733333333,0.741758242,0.892857143,0.789830508,0.812080537,2022
2022-07-18 00:00:00,79.99,1.29,86,0.00,0,0.828571429,0.825,0.724409449,0.762962963,0.777173913,0.922619048,0.793220339,0.747508306,2022
2022-07-19 00:00:00,79.99,0.99,84,0.02,0,0.785714286,0.835443038,0.793650794,0.766917293,0.775956284,0.928143713,0.774410774,0.757475083,2022
2022-07-20 00:00:00,79.99,0.99,81.5,0.00,0,0.704225352,0.853658537,0.818897638,0.84962406,0.867403315,0.928571429,0.752542373,0.764900662,2022
2022-07-21 00:00:00,29.99,0.69,81,0.00,0,0.633802817,0.8375,0.830645161,0.847328244,0.85,0.898809524,0.759322034,0.773026316,2022
2022-07-22 00:00:00,79.99,0.99,84,0.00,0,0.763888889,0.825,0.844262295,0.840909091,0.791208791,0.885542169,0.767918089,0.830065359,2022
2022-07-23 00:00:00,29.99,0.79,80.5,0.08,0,0.774647887,0.814814815,0.845528455,0.791044776,0.75,0.871345029,0.766101695,0.859934853,2022
2022-07-24 00:00:00,29.99,0.79,73.5,0.01,0,0.785714286,0.898734177,0.821138211,0.739130435,0.766304348,0.852941176,0.801369863,0.849673203,2022
2022-07-25 00:00:00,29.99,0.79,75.5,0.00,0,0.887323944,0.9,0.827868852,0.715328467,0.798913043,0.908571429,0.784246575,0.82295082,2022
2022-07-26 00:00:00,29.99,0.79,75.5,0.00,0,0.771428571,0.864197531,0.869918699,0.858208955,0.832432432,0.918604651,0.761904762,0.80781759,2022
2022-07-27 00:00:00,29.99,0.79,75.5,0.01,0,0.814285714,0.817073171,0.876033058,0.814814815,0.914893617,0.912280702,0.759322034,0.840390879,2022
2022-07-28 00:00:00,180,1.29,71,0.03,0,0.797101449,0.829268293,0.905982906,0.844444444,0.875675676,0.888235294,0.780821918,0.843648208,2022
2022-07-29 00:00:00,199.99,1.29,73.5,0.30,0,0.898550725,0.825,0.931034483,0.810606061,0.84180791,0.923529412,0.806896552,0.838815789,2022
2022-07-30 00:00:00,199.99,1.29,75,0.00,0,0.942857143,0.833333333,0.888888889,0.763358779,0.788888889,0.911764706,0.81533101,0.867109635,2022
2022-07-31 00:00:00,99.99,0.891,79.5,0.00,0,0.9,0.864197531,0.865546218,0.816793893,0.847457627,0.889534884,0.822916667,0.877076412,2022
2022-08-01 00:00:00,199.99,1.29,81,0.00,0,0.85915493,0.9375,0.813559322,0.877862595,0.872093023,0.923529412,0.805555556,0.820598007,2022
2022-08-02 00:00:00,29.99,0.79,83.5,0.00,0,0.830985915,0.9,0.780487805,0.871212121,0.808988764,0.952662722,0.784722222,0.789473684,2022
2022-08-03 00:00:00,29.99,0.79,77.5,0.00,0,0.771428571,0.879518072,0.803278689,0.823076923,0.852272727,0.911764706,0.786206897,0.803278689,2022
2022-08-04 00:00:00,29.99,0.79,80.5,0.00,0,0.816901408,0.880952381,0.803278689,0.804511278,0.820224719,0.912280702,0.766323024,0.790849673,2022
2022-08-05 00:00:00,29.99,0.49,83,0.01,0,0.8,0.903614458,0.816666667,0.818181818,0.724324324,0.889534884,0.790378007,0.811881188,2022
2022-08-06 00:00:00,29.99,0.79,80.5,0.07,0,0.811594203,0.915662651,0.833333333,0.68115942,0.715846995,0.88,0.813148789,0.831683168,2022
2022-08-07 00:00:00,29.99,0.79,74,0.00,0,0.927536232,0.911392405,0.741935484,0.651851852,0.715053763,0.850574713,0.813793103,0.805280528,2022
2022-08-08 00:00:00,29.99,0.79,75.5,0.00,0,0.911764706,0.911392405,0.729508197,0.711111111,0.689839572,0.856321839,0.813793103,0.774509804,2022
2022-08-09 00:00:00,24.99,0.79,79.5,0.00,0,0.838235294,0.865853659,0.752066116,0.708955224,0.735135135,0.851428571,0.789655172,0.767213115,2022
2022-08-10 00:00:00,29.99,0.79,80.5,0.00,0,0.811594203,0.804597701,0.771186441,0.748148148,0.77173913,0.83908046,0.754266212,0.755775578,2022
2022-08-11 00:00:00,29.99,0.79,80.5,0.00,0,0.814285714,0.793478261,0.788135593,0.824427481,0.722826087,0.789772727,0.755102041,0.751655629,2022
2022-08-12 00:00:00,29.99,0.79,82,0.00,0,0.828571429,0.705263158,0.810344828,0.753846154,0.693989071,0.770949721,0.755102041,0.749174917,2022
2022-08-13 00:00:00,0,0,79,0.00,0,0.771428571,0.747368421,0.796610169,0.674242424,0.699453552,0.776536313,0.780821918,0.778145695,2022
2022-08-14 00:00:00,29.99,0.79,79,0.01,0,0.885714286,0.880434783,0.745901639,0.738461538,0.732240437,0.727777778,0.821917808,0.774834437,2022
2022-08-15 00:00:00,29.99,0.79,72.5,0.11,0,0.940298507,0.861702128,0.752,0.7578125,0.761111111,0.754189944,0.811643836,0.741721854,2022
2022-08-16 00:00:00,29.99,0.79,66.5,0.11,0,0.897058824,0.783505155,0.73015873,0.761538462,0.766666667,0.814606742,0.804794521,0.759197324,2022
2022-08-17 00:00:00,29.99,0.79,71,0.00,0,0.85915493,0.705882353,0.723577236,0.778625954,0.815642458,0.830508475,0.796551724,0.75,2022
2022-08-18 00:00:00,29.99,0.79,75.5,0.00,0,0.794520548,0.742268041,0.731092437,0.821705426,0.810055866,0.795454545,0.796551724,0.776666667,2022
2022-08-19 00:00:00,29.99,0.79,73,0.00,0,0.849315068,0.762886598,0.709401709,0.813953488,0.735955056,0.770949721,0.807560137,0.79264214,2022
2022-08-20 00:00:00,29.99,0.79,68,0.00,0,0.863013699,0.816326531,0.661016949,0.71641791,0.75,0.807909605,0.815068493,0.806666667,2022
2022-08-21 00:00:00,29.99,0.79,72,1.14,0,0.864864865,0.87628866,0.566666667,0.656934307,0.7,0.79558011,0.817241379,0.794019934,2022
2022-08-22 00:00:00,29.99,0.79,72.5,0.00,0,0.861111111,0.806122449,0.677966102,0.635714286,0.664835165,0.772222222,0.820689655,0.718543046,2022
2022-08-23 00:00:00,29.99,0.79,72.5,0.00,0,0.821917808,0.727272727,0.694915254,0.644927536,0.715846995,0.761111111,0.804123711,0.676470588,2022
2022-08-24 00:00:00,0,0,73.5,0.00,0,0.794520548,0.75,0.709401709,0.688405797,0.78021978,0.765363128,0.797945205,0.720394737,2022
2022-08-25 00:00:00,49.99,0.99,73.5,0.00,0,0.689189189,0.808080808,0.752066116,0.766423358,0.806629834,0.762711864,0.797945205,0.702614379,2022
2022-08-26 00:00:00,29.99,0.79,72.5,0.00,0,0.72972973,0.8,0.808333333,0.757352941,0.720670391,0.782857143,0.819112628,0.700325733,2022
2022-08-27 00:00:00,49.99,0.99,75,0.00,0,0.810810811,0.818181818,0.766666667,0.701492537,0.719101124,0.8,0.825938567,0.774509804,2022
2022-08-28 00:00:00,29.99,0.79,78.5,0.00,0,0.810810811,0.875,0.677419355,0.679104478,0.679775281,0.804597701,0.854166667,0.752442997,2022
2022-08-29 00:00:00,29.99,0.79,72,0.00,0,0.830985915,0.870967742,0.682926829,0.708955224,0.748603352,0.828571429,0.864111498,0.706840391,2022
2022-08-30 00:00:00,29.99,0.79,75,0.00,0,0.785714286,0.858695652,0.776859504,0.77037037,0.768361582,0.794285714,0.824137931,0.71197411,2022
2022-08-31 00:00:00,29.99,0.79,79,0.00,0,0.708333333,0.817204301,0.719008264,0.772058824,0.830409357,0.8,0.828178694,0.720779221,2022
2022-09-01 00:00:00,24.99,0.49,76.5,0.00,0,0.794520548,0.835164835,0.756302521,0.84962406,0.822485207,0.817142857,0.796551724,0.719869707,2022
2022-09-02 00:00:00,20,0.4312,79.5,0.50,0,0.767123288,0.868131868,0.731092437,0.827067669,0.776470588,0.822857143,0.802083333,0.699346405,2022
2022-09-03 00:00:00,24.99,0.49,75,0.00,0,0.76,0.826086957,0.775862069,0.736842105,0.691860465,0.829545455,0.829861111,0.744262295,2022
2022-09-04 00:00:00,24.99,0.49,78,0.00,0,0.810810811,0.833333333,0.689655172,0.751879699,0.726744186,0.806818182,0.845070423,0.727868852,2022
2022-09-05 00:00:00,29.99,0.79,81,0.00,0,0.847222222,0.831460674,0.756302521,0.669117647,0.710982659,0.793103448,0.852112676,0.718032787,2022
2022-09-06 00:00:00,29.99,0.79,82.5,0.00,0,0.810810811,0.811111111,0.764705882,0.731343284,0.735294118,0.82183908,0.834507042,0.711038961,2022
2022-09-07 00:00:00,29.99,0.79,82.5,0.00,0,0.756756757,0.813186813,0.760683761,0.772727273,0.784883721,0.827586207,0.790940767,0.710610932,2022
2022-09-08 00:00:00,29.99,0.79,81,0.00,0,0.77027027,0.857142857,0.726495726,0.795454545,0.76744186,0.816091954,0.809027778,0.730769231,2022
2022-09-09 00:00:00,29.99,0.79,58,0.04,0,0.824324324,0.822222222,0.735042735,0.753731343,0.688235294,0.787356322,0.841549296,0.660818713,2022
2022-09-10 00:00:00,29.99,0.79,47,0.18,0,0.864864865,0.855555556,0.760683761,0.696296296,0.672413793,0.803468208,0.831168831,0.716814159,2022
2022-09-11 00:00:00,29.99,0.79,60.5,0.00,0,0.837837838,0.886363636,0.726495726,0.729927007,0.710227273,0.847328244,0.847402597,0.716814159,2022
2022-09-12 00:00:00,29.99,0.79,69.5,0.00,0,0.837837838,0.820224719,0.728813559,0.702898551,0.715909091,0.871698113,0.835483871,0.662721893,2022
2022-09-13 00:00:00,29.99,0.79,72,0.00,0,0.837837838,0.744444444,0.685950413,0.731884058,0.777142857,0.890151515,0.799352751,0.630177515,2022
2022-09-14 00:00:00,26.65,0.79,67,0.05,0,0.756756757,0.813186813,0.758333333,0.724637681,0.816091954,0.893939394,0.794212219,0.623563218,2022
2022-09-15 00:00:00,29.99,0.79,66.5,0.00,0,0.72972973,0.829545455,0.766129032,0.805755396,0.791907514,0.860902256,0.813504823,0.671469741,2022
2022-09-16 00:00:00,29.99,0.79,66,0.00,0,0.733333333,0.855555556,0.74796748,0.762589928,0.700564972,0.855018587,0.827476038,0.660167131,2022
2022-09-17 00:00:00,24.99,0.49,68.5,0.00,0,0.826666667,0.906976744,0.704918033,0.714285714,0.685714286,0.845588235,0.818471338,0.675900277,2022
2022-09-18 00:00:00,24.99,0.49,68.5,0.00,0,0.821917808,0.894117647,0.685483871,0.685714286,0.714285714,0.841911765,0.816720257,0.672222222,2022
2022-09-19 00:00:00,24.99,0.49,74.5,0.00,0,0.808219178,0.852272727,0.685483871,0.707142857,0.712643678,0.851851852,0.820512821,0.642458101,2022
2022-09-20 00:00:00,24.99,0.49,76,0.00,0,0.835616438,0.775280899,0.658536585,0.723404255,0.802325581,0.859259259,0.787974684,0.613259669,2022
2022-09-21 00:00:00,24.99,0.49,57,0.14,0,0.767123288,0.760869565,0.666666667,0.673758865,0.855491329,0.851301115,0.770440252,0.64010989,2022
2022-09-22 00:00:00,24.99,0.49,55.5,0.03,0,0.739726027,0.758241758,0.721311475,0.797101449,0.831395349,0.833333333,0.755485893,0.625344353,2022
2022-09-23 00:00:00,24.99,0.49,64,0.00,0,0.72972973,0.846153846,0.727272727,0.788321168,0.748538012,0.817164179,0.755485893,0.680440771,2022
2022-09-24 00:00:00,24.99,0.49,65,0.00,0,0.767123288,0.901098901,0.705882353,0.717391304,0.736842105,0.8,0.767080745,0.715083799,2022
2022-09-25 00:00:00,27,0.79,59.5,0.00,0,0.849315068,0.913043478,0.674796748,0.715328467,0.744047619,0.811111111,0.806853583,0.7,2022
2022-09-26 00:00:00,24.99,0.49,64,0.00,0,0.878378378,0.922222222,0.620967742,0.756756757,0.786982249,0.836431227,0.778816199,0.640883978,2022
2022-09-27 00:00:00,24.99,0.49,67,0.00,0,0.864864865,0.911111111,0.64,0.783783784,0.801204819,0.892193309,0.756923077,0.621169916,2022
2022-09-28 00:00:00,24.99,0.49,69,0.00,0,0.794520548,0.846153846,0.729508197,0.849315068,0.8875,0.884758364,0.75,0.664772727,2022
2022-09-29 00:00:00,24.99,0.245,71,0.00,0,0.821917808,0.869565217,0.758333333,0.885135135,0.85,0.856088561,0.763239875,0.712643678,2022
2022-09-30 00:00:00,24.99,0.49,67,0.31,0,0.767123288,0.844444444,0.809917355,0.84,0.704402516,0.866666667,0.770897833,0.726224784,2022
2022-10-01 00:00:00,24.99,0.49,62,0.12,0,0.8,0.897727273,0.760330579,0.743421053,0.68125,0.855018587,0.787692308,0.75,2022
2022-10-02 00:00:00,24.99,0.49,61.5,0.00,0,0.773333333,0.920454545,0.64,0.722580645,0.72392638,0.901886792,0.8,0.739884393,2022
2022-10-03 00:00:00,24.99,0.49,61.5,0.27,0,0.763888889,0.909090909,0.661417323,0.714285714,0.742331288,0.894339623,0.801223242,0.675287356,2022
2022-10-04 00:00:00,29.99,0.79,56.5,0.00,0,0.811594203,0.842696629,0.661417323,0.708074534,0.740331492,0.918215613,0.767584098,0.637393768,2022
2022-10-05 00:00:00,29.99,0.79,58,0.00,0,0.742857143,0.833333333,0.68503937,0.759036145,0.810344828,0.914814815,0.763803681,0.606232295,2022
2022-10-06 00:00:00,24.99,0.49,58.5,0.00,0,0.791666667,0.868131868,0.720930233,0.825301205,0.8125,0.884758364,0.761609907,0.647727273,2022
2022-10-07 00:00:00,22.5,0.5925,44,0.00,0,0.828571429,0.78021978,0.744186047,0.787878788,0.719101124,0.841328413,0.75617284,0.664772727,2022
2022-10-08 00:00:00,29.99,0.79,53.5,0.00,0,0.814285714,0.822222222,0.744186047,0.68902439,0.685393258,0.856088561,0.755351682,0.688385269,2022
2022-10-09 00:00:00,29.99,0.79,57.5,0.00,0,0.816901408,0.888888889,0.734375,0.672727273,0.698324022,0.842490842,0.758409786,0.682719547,2022
2022-10-10 00:00:00,29.99,0.79,60.5,0.00,0,0.845070423,0.844444444,0.71875,0.672727273,0.693181818,0.87037037,0.791411043,0.652542373,2022
2022-10-11 00:00:00,29.99,0.79,58.5,0.00,0,0.76056338,0.811111111,0.674603175,0.656976744,0.727272727,0.871794872,0.779141104,0.624293785,2022
2022-10-12 00:00:00,29.99,0.79,52,0.00,0,0.732394366,0.820224719,0.776,0.717647059,0.787356322,0.882352941,0.756097561,0.63559322,2022
2022-10-13 00:00:00,29.99,0.79,51.5,0.00,0,0.714285714,0.827956989,0.768,0.744047619,0.785310734,0.852398524,0.778115502,0.649717514,2022
2022-10-14 00:00:00,27,0.7821,62,0.00,0,0.718309859,0.85106383,0.752,0.718562874,0.715083799,0.846715328,0.787234043,0.684813754,2022
2022-10-15 00:00:00,29.99,0.79,49.5,0.00,0,0.7,0.895833333,0.746031746,0.710843373,0.745762712,0.846715328,0.795731707,0.70487106,2022
2022-10-16 00:00:00,29.99,0.79,47.5,0.00,0,0.794117647,0.915789474,0.774193548,0.75,0.75,0.839416058,0.803076923,0.72,2022
2022-10-17 00:00:00,29.99,0.79,49,0.00,0,0.826086957,0.905263158,0.746031746,0.780346821,0.769230769,0.868131868,0.8,0.686609687,2022
2022-10-18 00:00:00,0,0,53.5,0.00,0,0.788732394,0.894736842,0.732283465,0.772727273,0.797752809,0.889298893,0.797546012,0.64957265,2022
2022-10-19 00:00:00,30,0.99,60.5,0.00,0,0.726027397,0.915789474,0.703125,0.801136364,0.840909091,0.874538745,0.79204893,0.671428571,2022
2022-10-20 00:00:00,29.99,0.79,62.5,0.00,0,0.671428571,0.848484848,0.753846154,0.806818182,0.827586207,0.848708487,0.76993865,0.674351585,2022
2022-10-21 00:00:00,149.99,0.99,65,0.00,0,0.695652174,0.86407767,0.818897638,0.795454545,0.767045455,0.841328413,0.777089783,0.689655172,2022
2022-10-22 00:00:00,149.99,0.99,60,0.00,0,0.757575758,0.911764706,0.765625,0.731843575,0.76300578,0.845588235,0.765432099,0.694524496,2022
2022-10-23 00:00:00,27,0.711,52,0.00,0,0.830769231,0.932038835,0.709923664,0.683333333,0.75862069,0.850746269,0.75,0.691642651,2022
2022-10-24 00:00:00,149.99,0.99,42,0.00,0,0.796875,0.894230769,0.730769231,0.690607735,0.795454545,0.850187266,0.743034056,0.664772727,2022
2022-10-25 00:00:00,29.95,0.79,47,0.00,0,0.8125,0.838095238,0.763358779,0.727777778,0.819767442,0.890151515,0.736024845,0.655367232,2022
2022-10-26 00:00:00,149.99,0.99,49,0.00,0,0.772727273,0.838095238,0.818897638,0.736263736,0.869822485,0.883018868,0.74691358,0.657303371,2022
2022-10-27 00:00:00,149.99,0.99,40.5,0.07,0,0.746268657,0.854368932,0.784,0.831521739,0.822485207,0.853383459,0.734567901,0.675070028,2022
2022-10-28 00:00:00,25,0.1,46.5,0.00,0,0.701492537,0.891089109,0.908333333,0.804347826,0.744186047,0.867924528,0.760736196,0.705882353,2022
2022-10-29 00:00:00,120,0.891,46,0.00,0,0.772727273,0.94,0.866666667,0.726775956,0.732954545,0.880149813,0.788343558,0.700280112,2022
2022-10-30 00:00:00,149.99,0.99,46.5,0.00,0,0.830769231,0.923076923,0.803278689,0.73655914,0.755681818,0.886792453,0.813455657,0.70505618,2022
2022-10-31 00:00:00,54.70766667,0.74122,52.5,0.00,0,0.888888889,0.87254902,0.823529412,0.740740741,0.846590909,0.896946565,0.81595092,0.67877095,2022
2022-11-01 00:00:00,149.99,0.99,57.5,0.00,0,0.857142857,0.83,0.781512605,0.807291667,0.858757062,0.918287938,0.803076923,0.698324022,2022
2022-11-02 00:00:00,59.99,0.99,60.5,0.00,0,0.803030303,0.81372549,0.789915966,0.809278351,0.879310345,0.9140625,0.790123457,0.694444444,2022
2022-11-03 00:00:00,59.99,0.99,39.5,0.19,5,0.772727273,0.844660194,0.775,0.855670103,0.847457627,0.906614786,0.806153846,0.736111111,2022
2022-11-04 00:00:00,59.99,0.99,33.5,0.00,4,0.8,0.836538462,0.754098361,0.815384615,0.790960452,0.900383142,0.835913313,0.740223464,2022
2022-11-05 00:00:00,18,0.99,45,0.00,0,0.757575758,0.847619048,0.737704918,0.734693878,0.822222222,0.893536122,0.835403727,0.734636872,2022
2022-11-06 00:00:00,59.99,0.99,39.5,0.00,0,0.892307692,0.876190476,0.715447154,0.709183673,0.82122905,0.901140684,0.854938272,0.734636872,2022
2022-11-07 00:00:00,54,0.891,46,0.00,0,0.84375,0.876190476,0.752,0.74611399,0.848314607,0.908396947,0.851851852,0.754189944,2022
2022-11-08 00:00:00,59.98,0.79,57.5,0.00,0,0.815384615,0.828571429,0.780487805,0.74611399,0.852272727,0.91634981,0.849693252,0.75070028,2022
2022-11-09 00:00:00,59.99,0.99,37.5,0.00,0,0.791044776,0.866666667,0.827868852,0.821052632,0.88700565,0.912547529,0.852307692,0.773109244,2022
2022-11-10 00:00:00,59.99,0.99,37,0.00,0,0.803030303,0.87037037,0.792,0.810526316,0.862857143,0.882575758,0.853658537,0.823033708,2022
2022-11-11 00:00:00,59.99,0.99,27,0.00,0,0.769230769,0.805555556,0.85483871,0.780104712,0.83908046,0.897338403,0.862804878,0.803370787,2022
2022-11-12 00:00:00,59.99,0.99,31.5,0.00,0,0.84375,0.841121495,0.846774194,0.738219895,0.856321839,0.915384615,0.868501529,0.805633803,2022
2022-11-13 00:00:00,57,0.9207,35.5,0.00,0,0.859375,0.859813084,0.76984127,0.805263158,0.853107345,0.919847328,0.87195122,0.813559322,2022
2022-11-14 00:00:00,59.99,0.99,23.5,0.00,0,0.903225806,0.847619048,0.785714286,0.773684211,0.837078652,0.920152091,0.874617737,0.824858757,2022
2022-11-15 00:00:00,59.99,0.99,26,0.07,1,0.85483871,0.867924528,0.80952381,0.759162304,0.875706215,0.923954373,0.857575758,0.84180791,2022
2022-11-16 00:00:00,51,0.99,30.5,0.00,0,0.85483871,0.826923077,0.76984127,0.8,0.88700565,0.927203065,0.842424242,0.853521127,2022
2022-11-17 00:00:00,59.99,0.99,21,0.08,0,0.838709677,0.885714286,0.861788618,0.838541667,0.88700565,0.915708812,0.860182371,0.853521127,2022
2022-11-18 00:00:00,59.99,0.99,14,0.05,3,0.85483871,0.884615385,0.902439024,0.821989529,0.842696629,0.907335907,0.857575758,0.870422535,2022
2022-11-19 00:00:00,54,0.99,23,0.00,2,0.85483871,0.901960784,0.876033058,0.809278351,0.837988827,0.915057915,0.836363636,0.880681818,2022
2022-11-20 00:00:00,199.99,0.99,33,0.00,1,0.870967742,0.873786408,0.868852459,0.836734694,0.845303867,0.926640927,0.827794562,0.872159091,2022
2022-11-21 00:00:00,59.99,0.99,37,0.00,0,0.935483871,0.871287129,0.879032258,0.844221106,0.82320442,0.926923077,0.842424242,0.877840909,2022
2022-11-22 00:00:00,180,0.89,39,0.00,0,0.887096774,0.851485149,0.903225806,0.819095477,0.848314607,0.942307692,0.844512195,0.869688385,2022
2022-11-23 00:00:00,59.99,0.99,41,0.00,0,0.841269841,0.89,0.870967742,0.825,0.858757062,0.942307692,0.824242424,0.857954545,2022
2022-11-24 00:00:00,43.15435225,0.654698037,35.5,0.00,0,0.873015873,0.884615385,0.862903226,0.844221106,0.853107345,0.926923077,0.81570997,0.857142857,2022
2022-11-25 00:00:00,199.99,0.99,44,0.00,0,0.84375,0.830188679,0.872,0.838383838,0.859550562,0.9348659,0.810240964,0.84375,2022
2022-11-26 00:00:00,134,0.6633,44,0.00,0,0.734375,0.820754717,0.89516129,0.878787879,0.853107345,0.946564885,0.801204819,0.843304843,2022
2022-11-27 00:00:00,199.99,0.99,39,0.00,0,0.734375,0.852941176,0.874015748,0.913265306,0.853107345,0.942748092,0.804216867,0.84375,2022
2022-11-28 00:00:00,207.5,0,40,0.00,0,0.825396825,0.861386139,0.897637795,0.923857868,0.877777778,0.942748092,0.801204819,0.851428571,2022
2022-11-29 00:00:00,59.99,0.79,14.5,0.08,1,0.857142857,0.89,0.92,0.929292929,0.882681564,0.938931298,0.829341317,0.849431818,2022
2022-11-30 00:00:00,39.99,0.79,16.5,0.00,1,0.888888889,0.91,0.935483871,0.944444444,0.876404494,0.942748092,0.822822823,0.853107345,2022
2022-12-01 00:00:00,39.99,0.79,40.5,0.00,1,0.903225806,0.929292929,0.943548387,0.959798995,0.882681564,0.938931298,0.794029851,0.84180791,2022
2022-12-02 00:00:00,39.99,0.79,35,0.00,0,0.888888889,0.949494949,0.951219512,0.949748744,0.872222222,0.923664122,0.814925373,0.836158192,2022
2022-12-03 00:00:00,59.99,0.99,34.5,0.00,0,0.903225806,0.95,0.967479675,0.915,0.922222222,0.935114504,0.814925373,0.844632768,2022
2022-12-04 00:00:00,29.99,0.79,43,0.00,0,0.952380952,0.95,0.943089431,0.905940594,0.923076923,0.923954373,0.831831832,0.84180791,2022
2022-12-05 00:00:00,0,0,41.5,0.00,0,0.9375,0.96969697,0.888888889,0.915841584,0.902173913,0.931558935,0.831831832,0.834733894,2022
2022-12-06 00:00:00,29.99,0.79,37.5,0.00,0,0.875,0.930693069,0.905511811,0.925742574,0.93956044,0.935361217,0.831831832,0.857549858,2022
2022-12-07 00:00:00,29.99,0.79,36.5,0.00,0,0.859375,0.911764706,0.928571429,0.945812808,0.945355191,0.931558935,0.840840841,0.86,2022
2022-12-08 00:00:00,29.99,0.5925,31,0.00,0,0.873015873,0.921568627,0.929133858,0.945544554,0.945355191,0.931818182,0.844776119,0.859195402,2022
2022-12-09 00:00:00,29.99,0.79,31.5,0.00,0,0.892307692,0.952380952,0.937007874,0.925373134,0.918478261,0.943181818,0.867867868,0.867816092,2022
2022-12-10 00:00:00,29.99,0.79,35,0.00,0,0.794117647,0.99047619,0.888888889,0.886699507,0.908602151,0.920454545,0.84939759,0.870317003,2022
2022-12-11 00:00:00,29.99,0.79,43.5,0.00,0,0.907692308,0.970873786,0.857142857,0.880597015,0.918478261,0.923954373,0.852409639,0.88184438,2022
2022-12-12 00:00:00,20,0.1,38.5,0.00,0,0.815384615,0.970588235,0.84375,0.862068966,0.892473118,0.931818182,0.843373494,0.869565217,2022
2022-12-13 00:00:00,29.99,0.79,22,0.18,0,0.846153846,0.97029703,0.834645669,0.875,0.928961749,0.931558935,0.84984985,0.849275362,2022
2022-12-14 00:00:00,29.99,0.79,24,0.00,1,0.830769231,0.96039604,0.873015873,0.92,0.918478261,0.927756654,0.843843844,0.855491329,2022
2022-12-15 00:00:00,29.99,0.79,17.5,0.00,1,0.784615385,0.95049505,0.888,0.899497487,0.93956044,0.931558935,0.841317365,0.851311953,2022
2022-12-16 00:00:00,29.99,0.79,15,0.00,0,0.892307692,0.931372549,0.903225806,0.904040404,0.912568306,0.912547529,0.838323353,0.851311953,2022
2022-12-17 00:00:00,29.99,0.79,16,0.00,0,0.923076923,0.94,0.888,0.868686869,0.887096774,0.923954373,0.817365269,0.863372093,2022
2022-12-18 00:00:00,29.99,0.79,26.5,0.00,0,0.850746269,0.951456311,0.879032258,0.868020305,0.891891892,0.923664122,0.811940299,0.86627907,2022
2022-12-19 00:00:00,29.99,0.79,30.5,0.00,0,0.892307692,0.932692308,0.872,0.873096447,0.902173913,0.923371648,0.808383234,0.854651163,2022
2022-12-20 00:00:00,29.99,0.79,31,0.00,0,0.833333333,0.932692308,0.857142857,0.862944162,0.922651934,0.923664122,0.803571429,0.822674419,2022
2022-12-21 00:00:00,29.99,0.79,20.5,0.26,0,0.76119403,0.940594059,0.76984127,0.868020305,0.928176796,0.923664122,0.78041543,0.820809249,2022
2022-12-22 00:00:00,29.99,0.79,-15,0.07,4,0.835820896,0.920792079,0.795275591,0.860824742,0.928176796,0.927480916,0.791666667,0.807692308,2022
2022-12-23 00:00:00,29.99,0.99,-1.5,0.00,3,0.791044776,0.901960784,0.771653543,0.760204082,0.867403315,0.916030534,0.75074184,0.815249267,2022
2022-12-24 00:00:00,29.99,0.59,26,0.00,3,0.71641791,0.900990099,0.7421875,0.666666667,0.850828729,0.91221374,0.741839763,0.834319527,2022
2022-12-25 00:00:00,43.15435225,0.654698037,38,0.00,2,0.71641791,0.823529412,0.7421875,0.552238806,0.834254144,0.888888889,0.735905045,0.834319527,2022
2022-12-26 00:00:00,29.99,0.59,35.5,0.00,2,0.757575758,0.831683168,0.801587302,0.555,0.834254144,0.877394636,0.735905045,0.795857988,2022
2022-12-27 00:00:00,15,0.59,48.5,0.00,0,0.772727273,0.881188119,0.814516129,0.5,0.785714286,0.858237548,0.744047619,0.761764706,2022
2022-12-28 00:00:00,29.99,0.59,40,0.60,0,0.787878788,0.87,0.758064516,0.487309645,0.716666667,0.85440613,0.731343284,0.663768116,2022
2022-12-29 00:00:00,29.99,0.59,23,0.07,6,0.731343284,0.81,0.693548387,0.540816327,0.723756906,0.858778626,0.704477612,0.637426901,2022
2022-12-30 00:00:00,29.99,0.59,25.5,0.00,5,0.784615385,0.782178218,0.653225806,0.563451777,0.731843575,0.816793893,0.710447761,0.61627907,2022
2022-12-31 00:00:00,29.99,0.59,37.5,0.00,5,0.703125,0.798076923,0.666666667,0.502564103,0.675977654,0.801526718,0.710447761,0.618075802,2022
2023-01-01 00:00:00,23.4925,0.3925,28.5,0.05,4,0.729166667,0.71875,0.754901961,0.64516129,0.492307692,0.705357143,0.812260536,0.620991254,2023
2023-01-02 00:00:00,24.49125,0.42875,26,0.12,4,0.680412371,0.734375,0.784313725,0.559055118,0.515306122,0.708333333,0.808429119,0.60058309,2023
2023-01-03 00:00:00,27.705,0.469285714,20.5,0,4,0.632653061,0.692307692,0.737864078,0.551181102,0.52020202,0.696428571,0.800766284,0.588405797,2023
2023-01-04 00:00:00,27.61411765,0.496117647,20.5,0,4,0.663265306,0.636363636,0.817307692,0.603174603,0.594871795,0.676646707,0.79389313,0.566091954,2023
2023-01-05 00:00:00,27.38136364,0.481090909,20,0,4,0.62244898,0.676923077,0.79047619,0.677419355,0.615384615,0.644776119,0.782442748,0.603498542,2023
2023-01-06 00:00:00,27.24958333,0.467020833,27,0,4,0.565656566,0.608695652,0.882352941,0.680327869,0.596938776,0.629850746,0.800766284,0.573099415,2023
2023-01-07 00:00:00,27.658125,0.48601875,28.5,0,4,0.585858586,0.647887324,0.892156863,0.669354839,0.527918782,0.653614458,0.809160305,0.563049853,2023
2023-01-08 00:00:00,26.70090909,0.480909091,33,0,4,0.656565657,0.633802817,0.852941176,0.688,0.545454545,0.6996997,0.786259542,0.551319648,2023
2023-01-09 00:00:00,27.99,0.49,33,0,3,0.690721649,0.676470588,0.87254902,0.669354839,0.571428571,0.674698795,0.790076336,0.535087719,2023
2023-01-10 00:00:00,35.83294118,0.455411765,40.5,0,2,0.6875,0.652173913,0.851485149,0.64,0.604060914,0.64652568,0.797709924,0.513196481,2023
2023-01-11 00:00:00,26.71285714,0.484857143,32.5,0.07,2,0.666666667,0.61971831,0.873786408,0.698412698,0.588832487,0.682779456,0.808429119,0.519061584,2023
2023-01-12 00:00:00,31.79823529,0.430235294,28.5,0,2,0.604166667,0.614285714,0.871287129,0.701612903,0.624365482,0.664652568,0.781609195,0.538461538,2023
2023-01-13 00:00:00,27.43157895,0.463289474,33.5,0,1,0.635416667,0.768115942,0.871287129,0.725806452,0.593908629,0.644508671,0.785440613,0.516320475,2023
2023-01-14 00:00:00,27.73,0.47872093,46,0,1,0.705263158,0.865671642,0.861386139,0.717741935,0.558375635,0.629737609,0.80155642,0.544642857,2023
2023-01-15 00:00:00,26.26923077,0.461730769,36,0,0,0.684210526,0.863636364,0.823529412,0.664,0.575757576,0.650145773,0.789883268,0.540298507,2023
2023-01-16 00:00:00,27.99,0.483333333,35.5,0,0,0.666666667,0.861538462,0.825242718,0.725806452,0.631313131,0.645348837,0.80078125,0.504424779,2023
2023-01-17 00:00:00,34.33357143,0.473621429,29.5,0.43,0,0.65625,0.835820896,0.794117647,0.712,0.575,0.643478261,0.80155642,0.513432836,2023
2023-01-18 00:00:00,27.99,0.49,22,0.44,6,0.677083333,0.794117647,0.834951456,0.714285714,0.570707071,0.564469914,0.789883268,0.497005988,2023
2023-01-19 00:00:00,28.34166667,0.3985,20,0,5,0.572916667,0.764705882,0.838095238,0.758064516,0.54,0.545977011,0.73151751,0.483383686,2023
2023-01-20 00:00:00,28.52777778,0.378425926,19.5,0,5,0.614583333,0.858974359,0.847619048,0.715447154,0.545,0.573065903,0.73151751,0.475757576,2023
2023-01-21 00:00:00,27.62558824,0.376955882,21,0.01,5,0.625,0.828947368,0.859813084,0.696,0.472636816,0.584527221,0.70703125,0.544303797,2023
2023-01-22 00:00:00,28.191,0.2813,21,0,5,0.635416667,0.890410959,0.816513761,0.704,0.48,0.585714286,0.731225296,0.546031746,2023
2023-01-23 00:00:00,27.08181818,0.309090909,23,0.01,4,0.622222222,0.861111111,0.774774775,0.68,0.537313433,0.578347578,0.662698413,0.501577287,2023
2023-01-24 00:00:00,28.03642857,0.2901,25,0,4,0.611111111,0.763888889,0.807017544,0.677419355,0.559405941,0.557142857,0.662698413,0.539184953,2023
2023-01-25 00:00:00,29.79,0.31,25,0.02,4,0.651685393,0.783783784,0.840707965,0.707317073,0.595,0.545977011,0.658823529,0.515625,2023
2023-01-26 00:00:00,28.24111111,0.297888889,26,0,4,0.611111111,0.826666667,0.833333333,0.723577236,0.645,0.531791908,0.619607843,0.54375,2023
2023-01-27 00:00:00,27.69862069,0.31612069,27.5,0,3,0.692307692,0.789473684,0.811965812,0.721311475,0.641791045,0.563953488,0.65234375,0.559748428,2023
2023-01-28 00:00:00,28.22057692,0.290651923,21,0.02,3,0.588888889,0.905405405,0.895652174,0.733333333,0.554455446,0.588921283,0.66536965,0.605095541,2023
2023-01-29 00:00:00,29.74,0.315,1,0.01,3,0.588888889,0.917808219,0.840707965,0.669491525,0.618811881,0.687315634,0.68627451,0.614649682,2023
2023-01-30 00:00:00,24.49181818,0.310931818,-3,0.06,3,0.626373626,0.945205479,0.756521739,0.611570248,0.592964824,0.657817109,0.739130435,0.561514196,2023
2023-01-31 00:00:00,31.84625,0.305916667,8,0.01,4,0.659090909,0.876712329,0.842105263,0.636363636,0.618090452,0.601173021,0.746031746,0.561514196,2023
2023-02-01 00:00:00,29.32333333,0.286133333,24,0,4,0.670454545,0.888888889,0.863247863,0.639344262,0.639593909,0.587719298,0.709803922,0.54313099,2023
2023-02-02 00:00:00,28.87294118,0.322647059,24.5,0,4,0.627906977,0.777777778,0.843478261,0.609756098,0.664974619,0.552631579,0.635294118,0.544871795,2023
2023-02-03 00:00:00,33.31551724,0.296765517,38.5,0,2,0.632183908,0.810810811,0.788135593,0.704918033,0.651515152,0.570588235,0.639215686,0.512903226,2023
2023-02-04 00:00:00,28.93033898,0.287237288,38,0,1,0.701149425,0.810810811,0.834782609,0.666666667,0.54040404,0.584070796,0.615686275,0.568181818,2023
2023-02-05 00:00:00,29.74,0.315,34,0,0,0.724137931,0.904109589,0.808695652,0.642276423,0.557788945,0.627218935,0.618677043,0.55987055,2023
2023-02-06 00:00:00,27.95571429,0.300142857,30,0,0,0.735632184,0.944444444,0.75862069,0.677419355,0.537688442,0.633136095,0.690196078,0.495081967,2023
2023-02-07 00:00:00,29.99,0.281666667,30.5,0,0,0.686046512,0.944444444,0.765217391,0.658730159,0.48989899,0.584569733,0.68359375,0.526315789,2023
2023-02-08 00:00:00,30.65666667,0.345916667,32.5,0,0,0.697674419,0.833333333,0.761061947,0.663934426,0.542713568,0.590504451,0.658914729,0.508196721,2023
2023-02-09 00:00:00,27.59736842,0.291736842,23.5,0,0,0.604651163,0.861111111,0.821428571,0.727272727,0.56281407,0.598214286,0.621621622,0.527868852,2023
2023-02-10 00:00:00,31.07352941,0.279673529,24.5,0,0,0.69047619,0.861111111,0.87037037,0.702479339,0.515,0.606606607,0.613899614,0.539215686,2023
2023-02-11 00:00:00,29.63219512,0.281987805,37.5,0,0,0.752941176,0.902777778,0.859813084,0.685950413,0.507537688,0.608433735,0.642023346,0.559210526,2023
2023-02-12 00:00:00,29.99,0.29,35.5,0,0,0.811764706,0.876712329,0.842592593,0.661157025,0.552238806,0.651651652,0.677042802,0.549342105,2023
2023-02-13 00:00:00,29.8405,0.29855,41.5,0,0,0.776470588,0.875,0.883928571,0.628099174,0.534653465,0.656626506,0.72265625,0.519736842,2023
2023-02-14 00:00:00,29.709375,0.29,32,0,0,0.776470588,0.816901408,0.886956522,0.672131148,0.54679803,0.624624625,0.697674419,0.532894737,2023
2023-02-15 00:00:00,29.99,0.29,16,0.22,1,0.8,0.830985915,0.868421053,0.663934426,0.605,0.610778443,0.702702703,0.52,2023
2023-02-16 00:00:00,29.428125,0.28185,14,0.01,2,0.717647059,0.842857143,0.884955752,0.754098361,0.608040201,0.597597598,0.702702703,0.543624161,2023
2023-02-17 00:00:00,28.49235294,0.270335294,34,0,1,0.741176471,0.85915493,0.891891892,0.727272727,0.580808081,0.618181818,0.725868726,0.588628763,2023
2023-02-18 00:00:00,29.46913043,0.284956522,41,0,0,0.785714286,0.9,0.873873874,0.721311475,0.538071066,0.658385093,0.713178295,0.59,2023
2023-02-19 00:00:00,29.99,0.284727273,37.5,0,0,0.833333333,0.913043478,0.872727273,0.682926829,0.535353535,0.695924765,0.707692308,0.573333333,2023
2023-02-20 00:00:00,28.2052381,0.293933333,42,0,0,0.785714286,0.842857143,0.927927928,0.647540984,0.577319588,0.664576803,0.780769231,0.599337748,2023
2023-02-21 00:00:00,29.42875,0.29113125,46,0,0,0.761904762,0.85915493,0.875,0.672131148,0.618556701,0.659305994,0.746153846,0.625827815,2023
2023-02-22 00:00:00,24.86875,0.23625,14.5,0.02,0,0.738095238,0.85915493,0.881818182,0.731707317,0.596858639,0.624605678,0.703846154,0.594684385,2023
2023-02-23 00:00:00,26.46857143,0.26047619,-2,0.00,1,0.714285714,0.835616438,0.872727273,0.647540984,0.664921466,0.639498433,0.681992337,0.613333333,2023
2023-02-24 00:00:00,28.14512821,0.272897436,18,0,1,0.78313253,0.810810811,0.918181818,0.803278689,0.668393782,0.67192429,0.708812261,0.63,2023
2023-02-25 00:00:00,29.03192308,0.284894231,38,0,0,0.914634146,0.904109589,0.935779817,0.782258065,0.587628866,0.688888889,0.726923077,0.69,2023
2023-02-26 00:00:00,27.25764706,0.264411765,47,0,0,0.8125,0.893333333,0.881818182,0.707317073,0.612565445,0.746794872,0.763565891,0.683333333,2023
2023-02-27 00:00:00,28.63333333,0.286885714,40.5,0,0,0.8625,0.957746479,0.900900901,0.713114754,0.666666667,0.758842444,0.826771654,0.658940397,2023
2023-02-28 00:00:00,28.6915,0.27215,38,0,0,0.8875,0.915492958,0.944954128,0.739837398,0.691489362,0.697068404,0.817460317,0.623376623,2023
2023-03-01 00:00:00,28.64461538,0.278846154,29.5,0.01,0,0.864197531,0.888888889,0.926605505,0.729508197,0.770053476,0.708609272,0.767716535,0.632258065,2023
2023-03-02 00:00:00,27.78529412,0.378235294,32,0,0,0.777777778,0.901408451,0.944444444,0.725806452,0.803278689,0.721311475,0.727626459,0.634304207,2023
2023-03-03 00:00:00,28.0225,0.406484375,36,0.00,0,0.827160494,0.876712329,0.944444444,0.756097561,0.730769231,0.732899023,0.71372549,0.628664495,2023
2023-03-04 00:00:00,33.39361111,0.428222222,32,0,0,0.75308642,0.904109589,0.925233645,0.739837398,0.631016043,0.716612378,0.6875,0.650326797,2023
2023-03-05 00:00:00,29.2425,0.43275,38.5,0,0,0.8,0.876712329,0.87037037,0.616,0.666666667,0.750809061,0.722222222,0.653594771,2023
2023-03-06 00:00:00,29.64461538,0.521653846,30,0,0,0.8,0.9,0.880733945,0.624,0.657754011,0.712903226,0.756097561,0.618421053,2023
2023-03-07 00:00:00,25.49333333,0.491111111,29.5,0,0,0.8125,0.898550725,0.851851852,0.664,0.681081081,0.702265372,0.718875502,0.583606557,2023
2023-03-08 00:00:00,27.442,0.37897,31.5,0,0,0.7875,0.826086957,0.897196262,0.700787402,0.664864865,0.690553746,0.691699605,0.570957096,2023
2023-03-09 00:00:00,28.37615385,0.455153846,39.5,0,0,0.772151899,0.797101449,0.844036697,0.677165354,0.723756906,0.683006536,0.69140625,0.605263158,2023
2023-03-10 00:00:00,30.5712,0.61224,43.5,0.00,0,0.886075949,0.855072464,0.898148148,0.664,0.69273743,0.656862745,0.720472441,0.608552632,2023
2023-03-11 00:00:00,31.26189189,0.4923,43,0,0,0.8875,0.855072464,0.859813084,0.626984127,0.627777778,0.685245902,0.739130435,0.597359736,2023
2023-03-12 00:00:00,28.585625,0.5275,31,0,0,0.864197531,0.869565217,0.878504673,0.582677165,0.619565217,0.718032787,0.741035857,0.613114754,2023
2023-03-13 00:00:00,37.71818182,0.554090909,37.5,0,0,0.8375,0.895522388,0.853211009,0.592307692,0.580110497,0.678688525,0.702380952,0.594059406,2023
2023-03-14 00:00:00,29.99,0.562727273,47.5,0,0,0.8375,0.865671642,0.844827586,0.609375,0.596685083,0.653594771,0.702380952,0.56187291,2023
2023-03-15 00:00:00,24.68722222,0.507777778,52.5,0.16,0,0.797468354,0.838235294,0.896551724,0.592,0.783333333,0.653594771,0.706349206,0.577181208,2023
2023-03-16 00:00:00,26.1,0.470107143,31.5,0.09,2,0.810126582,0.884057971,0.847457627,0.64516129,0.808988764,0.629508197,0.717131474,0.578595318,2023
2023-03-17 00:00:00,32.21444444,0.537677778,31.5,0,0,0.825,0.880597015,0.881355932,0.624,0.758426966,0.639344262,0.76,0.605769231,2023
2023-03-18 00:00:00,28.93973684,0.526092105,29,0,0,0.814814815,0.823529412,0.881355932,0.620967742,0.648351648,0.663398693,0.789473684,0.612179487,2023
2023-03-19 00:00:00,29.99,0.59,38.5,0,0,0.8625,0.897058824,0.857142857,0.5859375,0.651933702,0.73442623,0.832653061,0.615384615,2023
2023-03-20 00:00:00,26.40916667,0.516166667,41.5,0.00,0,0.8375,0.880597015,0.831932773,0.616,0.696132597,0.713355049,0.83127572,0.567823344,2023
2023-03-21 00:00:00,28.491,0.5551,42,0,0,0.802469136,0.865671642,0.788135593,0.648,0.650537634,0.649350649,0.841666667,0.563694268,2023
2023-03-22 00:00:00,28.8675,0.505083333,35.5,0.00,0,0.814814815,0.835820896,0.779661017,0.619834711,0.699453552,0.647249191,0.759183673,0.566878981,2023
2023-03-23 00:00:00,29.30625,0.47869375,37.5,0.02,0,0.802469136,0.852941176,0.820512821,0.680672269,0.744444444,0.668831169,0.804979253,0.576923077,2023
2023-03-24 00:00:00,27.80583333,0.527672222,38.5,0,0,0.817073171,0.785714286,0.838983051,0.701754386,0.716666667,0.67218543,0.791836735,0.583870968,2023
2023-03-25 00:00:00,29.69522727,0.567636364,27.5,0.15,2,0.790123457,0.849315068,0.811965812,0.743362832,0.659090909,0.717607973,0.801652893,0.617363344,2023
2023-03-26 00:00:00,29.99,0.59,30,0.00,0,0.873417722,0.888888889,0.827586207,0.675213675,0.670454545,0.794612795,0.782426778,0.643086817,2023
2023-03-27 00:00:00,25.80947368,0.492794737,23,0.06,1,0.898734177,0.875,0.782608696,0.669491525,0.644067797,0.77852349,0.822033898,0.594936709,2023
2023-03-28 00:00:00,29.42875,0.58038125,34,0,0,0.884615385,0.861111111,0.826086957,0.689655172,0.666666667,0.721854305,0.817021277,0.579113924,2023
2023-03-29 00:00:00,29.0325,0.564666667,33.5,0,0,0.860759494,0.888888889,0.780701754,0.700854701,0.683615819,0.686468647,0.793991416,0.584664537,2023
2023-03-30 00:00:00,28.61133333,0.53206,44.5,0,0,0.873417722,0.930555556,0.789473684,0.769230769,0.778409091,0.702970297,0.826271186,0.624183007,2023
2023-03-31 00:00:00,30.55826923,0.541221154,41.5,0,0,0.814814815,0.845070423,0.793103448,0.817391304,0.727272727,0.757475083,0.852320675,0.644736842,2023
2023-04-01 00:00:00,28.03928571,0.538290476,46.5,0,0,0.817073171,0.913043478,0.813559322,0.782608696,0.642045455,0.774086379,0.835443038,0.695652174,2023
2023-04-02 00:00:00,28.86625,0.531,50.5,0,0,0.75,0.9,0.786324786,0.739495798,0.630681818,0.803986711,0.815450644,0.676767677,2023
2023-04-03 00:00:00,27.325,0.553944444,47,0,0,0.82278481,0.855072464,0.68907563,0.683333333,0.610169492,0.813953488,0.82278481,0.597315436,2023
2023-04-04 00:00:00,29.74083333,0.585083333,26.5,0.09,0,0.896103896,0.808823529,0.703389831,0.705882353,0.623595506,0.755852843,0.767634855,0.596666667,2023
2023-04-05 00:00:00,37.48615385,0.546538462,27,0,0,0.91025641,0.771428571,0.737288136,0.725,0.664772727,0.719063545,0.752066116,0.558528428,2023
2023-04-06 00:00:00,29.54666667,0.523583333,36,0,0,0.833333333,0.774647887,0.745762712,0.710743802,0.755681818,0.710963455,0.803278689,0.602693603,2023
2023-04-07 00:00:00,29.28777778,0.549388889,47.5,0,0,0.883116883,0.782608696,0.775862069,0.786324786,0.708571429,0.737541528,0.819672131,0.653198653,2023
2023-04-08 00:00:00,29.2312,0.541732,55,0,0,0.833333333,0.710144928,0.8,0.760683761,0.642045455,0.737541528,0.795081967,0.64527027,2023
2023-04-09 00:00:00,29.99,0.5605,50.5,0,0,0.922077922,0.811594203,0.843478261,0.724137931,0.607954545,0.754966887,0.851851852,0.64527027,2023
2023-04-10 00:00:00,29.74083333,0.5875,53.5,0,0,0.87012987,0.855072464,0.808695652,0.737288136,0.581920904,0.764900662,0.870292887,0.611486486,2023
2023-04-11 00:00:00,29.39066667,0.577533333,64.5,0,0,0.868421053,0.826086957,0.808695652,0.74789916,0.628571429,0.715719064,0.825,0.603389831,2023
2023-04-12 00:00:00,32.787,0.552,67.5,0,0,0.894736842,0.75,0.826086957,0.796610169,0.653409091,0.666666667,0.813278008,0.643097643,2023
2023-04-13 00:00:00,27.67,0.536146667,67.5,0,0,0.844155844,0.878787879,0.89380531,0.813559322,0.734104046,0.675585284,0.842323651,0.662162162,2023
2023-04-14 00:00:00,30.47344828,0.539689655,43.5,0.07,0,0.855263158,0.861538462,0.920353982,0.831932773,0.708571429,0.711864407,0.795081967,0.658703072,2023
2023-04-15 00:00:00,28.12152174,0.572654348,38,0.00,0,0.842105263,0.863636364,0.884955752,0.786324786,0.668571429,0.738983051,0.795081967,0.717241379,2023
2023-04-16 00:00:00,29.99,0.59,42.5,0,0,0.805194805,0.893939394,0.867256637,0.788135593,0.691428571,0.788395904,0.818930041,0.701388889,2023
2023-04-17 00:00:00,36.45933333,0.5334,56.5,0,0,0.857142857,0.893939394,0.842105263,0.764705882,0.697142857,0.778156997,0.846473029,0.665517241,2023
2023-04-18 00:00:00,28.85076923,0.544615385,60,0,0,0.935897436,0.863636364,0.815789474,0.779661017,0.682080925,0.707482993,0.860759494,0.663230241,2023
2023-04-19 00:00:00,29.21,0.545454545,46,0.05,0,0.884615385,0.803030303,0.807017544,0.820512821,0.69005848,0.683501684,0.797468354,0.650847458,2023
2023-04-20 00:00:00,27.49181818,0.547090909,37.5,0,0,0.82278481,0.805970149,0.843478261,0.848739496,0.797687861,0.702702703,0.809322034,0.608108108,2023
2023-04-21 00:00:00,31.72617647,0.580647059,40,0.06,0,0.734177215,0.818181818,0.860869565,0.908333333,0.744186047,0.672297297,0.835443038,0.640410959,2023
2023-04-22 00:00:00,29.99093023,0.580081395,32,0.06,2,0.82278481,0.815384615,0.877192982,0.85,0.653179191,0.718120805,0.836820084,0.675767918,2023
2023-04-23 00:00:00,29.054375,0.5494375,41,0,0,0.807692308,0.861538462,0.842105263,0.801652893,0.649425287,0.832214765,0.857142857,0.649659864,2023
2023-04-24 00:00:00,28.49125,0.562125,49.5,0,0,0.807692308,0.919354839,0.771929825,0.74015748,0.712643678,0.808080808,0.828451883,0.639455782,2023
2023-04-25 00:00:00,32.71,0.606153846,51,0.31,0,0.922077922,0.920634921,0.793103448,0.732283465,0.72,0.720538721,0.81512605,0.606779661,2023
2023-04-26 00:00:00,35.82333333,0.608833333,47.5,0.00,0,0.855263158,0.857142857,0.853448276,0.8,0.724719101,0.718644068,0.820083682,0.633898305,2023
2023-04-27 00:00:00,30.292,0.791566667,53.5,0.16,0,0.805194805,0.920634921,0.904347826,0.838461538,0.790960452,0.723905724,0.841004184,0.673539519,2023
2023-04-28 00:00:00,39.90179487,0.866474359,46,0.00,0,0.831168831,0.873015873,0.928571429,0.875968992,0.766666667,0.714765101,0.8375,0.671232877,2023
2023-04-29 00:00:00,44.26270833,0.81925,57,0,0,0.883116883,0.861538462,0.919642857,0.868217054,0.657458564,0.749152542,0.85,0.745704467,2023
2023-04-30 00:00:00,36.48705882,0.824352941,51.5,0,0,0.894736842,0.890625,0.927927928,0.740458015,0.627777778,0.815699659,0.877637131,0.742268041,2023
2023-05-01 00:00:00,28.15,0.514189474,55.5,0,0,0.866666667,0.936507937,0.828828829,0.763358779,0.679775281,0.819112628,0.899159664,0.690972222,2023
2023-05-02 00:00:00,39.35636364,0.519345455,58,0,0,0.881578947,0.923076923,0.849557522,0.751879699,0.689265537,0.725423729,0.883333333,0.682758621,2023
2023-05-03 00:00:00,29.51666667,0.542472222,61,0,0,0.894736842,0.861538462,0.852173913,0.748091603,0.703910615,0.717171717,0.789256198,0.639175258,2023
2023-05-04 00:00:00,49.179375,0.80573125,62.5,0.02,0,0.84,0.861538462,0.844827586,0.727272727,0.754189944,0.739130435,0.796747967,0.674657534,2023
2023-05-05 00:00:00,39.90833333,0.767895833,59.5,0.00,0,0.893333333,0.861538462,0.817391304,0.832061069,0.711864407,0.703333333,0.844621514,0.679310345,2023
2023-05-06 00:00:00,39.09222222,0.76862963,56,0,0,0.786666667,0.876923077,0.927927928,0.840909091,0.632768362,0.720538721,0.831372549,0.714285714,2023
2023-05-07 00:00:00,30.99,0.59,56.5,0,0,0.866666667,0.867647059,0.863636364,0.763358779,0.613636364,0.766891892,0.850393701,0.670138889,2023
2023-05-08 00:00:00,37.95,0.74,56.5,0.05,0,0.88,0.9,0.827272727,0.686567164,0.645714286,0.763513514,0.799212598,0.660958904,2023
2023-05-09 00:00:00,39.91266667,0.737733333,60.5,0,0,0.906666667,0.871428571,0.89380531,0.713235294,0.655367232,0.689419795,0.778656126,0.670103093,2023
2023-05-10 00:00:00,36.845,0.5668,57,0.65,0,0.918918919,0.857142857,0.853211009,0.78358209,0.728813559,0.72972973,0.765625,0.673539519,2023
2023-05-11 00:00:00,66.995,0.94025,48.5,2.92,0,0.824324324,0.771428571,0.880733945,0.785185185,0.741573034,0.701694915,0.803921569,0.681506849,2023
2023-05-12 00:00:00,50.343,0.816465,52.5,0.83,0,0.917808219,0.816901408,0.907407407,0.792592593,0.735955056,0.722033898,0.78125,0.70790378,2023
2023-05-13 00:00:00,46.16795455,0.818504545,53,0.03,0,0.918918919,0.805555556,0.884615385,0.733333333,0.707865169,0.752542373,0.765384615,0.739583333,2023
2023-05-14 00:00:00,52.37111111,0.873744444,54.5,0.14,0,0.906666667,0.830985915,0.828571429,0.683823529,0.676136364,0.8,0.756653992,0.724738676,2023
2023-05-15 00:00:00,49.27785714,0.868928571,53,0.01,0,0.893333333,0.884057971,0.822429907,0.755555556,0.709497207,0.816949153,0.832061069,0.6816609,2023
2023-05-16 00:00:00,57.68230769,0.895076923,63,0.05,0,0.946666667,0.842857143,0.871559633,0.713235294,0.724719101,0.722408027,0.800766284,0.686206897,2023
2023-05-17 00:00:00,52.15833333,0.865583333,65,0.00,0,0.893333333,0.816901408,0.880733945,0.746268657,0.735955056,0.722408027,0.776515152,0.705479452,2023
2023-05-18 00:00:00,49.20642857,0.774842857,59,0.19,0,0.8,0.774647887,0.854545455,0.813432836,0.778409091,0.734006734,0.778195489,0.681506849,2023
2023-05-19 00:00:00,58.10823529,0.841208824,53,0,0,0.866666667,0.873239437,0.908256881,0.954887218,0.755681818,0.715254237,0.776119403,0.718213058,2023
2023-05-20 00:00:00,59.90352941,0.847235294,58,0,0,0.842105263,0.855072464,0.87962963,0.857142857,0.672316384,0.746575342,0.804511278,0.728222997,2023
2023-05-21 00:00:00,49.9975,0.67235,61.5,0,0,0.855263158,0.865671642,0.87962963,0.78358209,0.679558011,0.759450172,0.797752809,0.718309859,2023
2023-05-22 00:00:00,92.8925,0.992975,62.5,0,0,0.881578947,0.925373134,0.854545455,0.700729927,0.699453552,0.767123288,0.794776119,0.718309859,2023
2023-05-23 00:00:00,78.15833333,0.906666667,64.5,0,0,0.88,0.925373134,0.803571429,0.746268657,0.70718232,0.730375427,0.787313433,0.735915493,2023
2023-05-24 00:00:00,121.5731579,0.894010526,62.5,0.02,0,0.853333333,0.820895522,0.833333333,0.772058824,0.797687861,0.704081633,0.750929368,0.763066202,2023
2023-05-25 00:00:00,115.8283333,0.889666667,61.5,0.06,0,0.8,0.863636364,0.834782609,0.77037037,0.868263473,0.738983051,0.732342007,0.777385159,2023
2023-05-26 00:00:00,155.445,1.147525,63,0.45,0,0.84,0.880597015,0.834782609,0.923664122,0.837349398,0.757679181,0.771217712,0.829181495,2023
2023-05-27 00:00:00,145.8758824,1.031235294,63,0.1,0,0.88,0.882352941,0.857142857,0.829457364,0.760479042,0.76109215,0.77037037,0.803636364,2023
2023-05-28 00:00:00,85.43125,0.979,62.5,0,0,0.813333333,0.826086957,0.857142857,0.712121212,0.730994152,0.824137931,0.764925373,0.794871795,2023
2023-05-29 00:00:00,99.985,1.015333333,67,0.00,0,0.802631579,0.924242424,0.824561404,0.742647059,0.763313609,0.821917808,0.805970149,0.801498127,2023
2023-05-30 00:00:00,133.325,0.940375,66,0.00,0,0.921052632,0.909090909,0.833333333,0.84057971,0.860606061,0.779310345,0.797752809,0.804511278,2023
2023-05-31 00:00:00,80.8485,0.7264,64,0.01,0,0.921052632,0.8,0.866666667,0.830882353,0.847560976,0.723905724,0.766917293,0.765567766,2023
2023-06-01 00:00:00,35.13035714,0.731435714,59.5,0.05,0,0.805194805,0.850746269,0.906779661,0.808823529,0.925,0.753333333,0.779026217,0.763837638,2023
2023-06-02 00:00:00,40.86512195,0.686529268,60.5,0.09,0,0.907894737,0.842857143,0.915254237,0.861313869,0.864197531,0.74916388,0.791821561,0.769230769,2023
2023-06-03 00:00:00,30.10295455,0.720797727,56.5,0.31,0,0.907894737,0.771428571,0.906779661,0.826086957,0.825301205,0.766666667,0.781021898,0.839416058,2023
2023-06-04 00:00:00,29.99,0.79,55.5,1.36,0,0.883116883,0.753623188,0.858333333,0.748201439,0.790419162,0.822742475,0.748175182,0.781021898,2023
2023-06-05 00:00:00,29.59578947,0.762710526,61,0,0,0.92,0.746478873,0.804878049,0.712230216,0.791666667,0.83,0.759124088,0.758122744,2023
2023-06-06 00:00:00,29.46421053,0.757973684,64,0,0,0.972972973,0.702702703,0.819672131,0.784172662,0.788235294,0.751677852,0.750915751,0.769784173,2023
2023-06-07 00:00:00,29.67526316,0.718789474,63,0,0,0.945945946,0.746666667,0.834710744,0.753521127,0.804733728,0.79,0.687272727,0.794964029,2023
2023-06-08 00:00:00,33.99235294,0.774352941,66,0.22,0,0.883116883,0.805194805,0.837398374,0.8,0.872727273,0.785953177,0.730909091,0.775800712,2023
2023-06-09 00:00:00,35.25354167,0.726958333,66,0.06,0,0.907894737,0.835443038,0.832,0.883211679,0.818181818,0.755852843,0.742753623,0.786476868,2023
2023-06-10 00:00:00,41.69236842,0.720868421,63,0,0,0.893333333,0.794871795,0.838709677,0.84057971,0.777108434,0.784511785,0.812274368,0.808510638,2023
2023-06-11 00:00:00,59.14461538,0.932423077,57.5,0.08,0,0.934210526,0.857142857,0.814516129,0.707142857,0.792899408,0.824324324,0.802867384,0.787234043,2023
2023-06-12 00:00:00,50.74545455,0.817272727,58,0.25,0,0.907894737,0.905405405,0.803149606,0.732394366,0.827380952,0.810810811,0.785714286,0.758007117,2023
2023-06-13 00:00:00,51.43555556,0.817944444,57.5,0.07,0,0.917808219,0.842105263,0.78030303,0.711267606,0.805882353,0.787878788,0.759717314,0.761565836,2023
2023-06-14 00:00:00,52.524375,0.79034375,62,0,0,0.931506849,0.766233766,0.80620155,0.764285714,0.882352941,0.782608696,0.731448763,0.790035587,2023
2023-06-15 00:00:00,61.91615385,0.847846154,65.5,0.28,0,0.891891892,0.717948718,0.837209302,0.85,0.888235294,0.806666667,0.736842105,0.818505338,2023
2023-06-16 00:00:00,64.02354839,0.866806452,55.5,0.57,0,0.866666667,0.766233766,0.905511811,0.85915493,0.843023256,0.787878788,0.754385965,0.807142857,2023
2023-06-17 00:00:00,62.21413793,0.836741379,59.5,0,0,0.84,0.844155844,0.848,0.818181818,0.779069767,0.80952381,0.764912281,0.831541219,2023
2023-06-18 00:00:00,51.99,0.83,67.5,0,0,0.824324324,0.82278481,0.817460317,0.741258741,0.8,0.829351536,0.75,0.798561151,2023
2023-06-19 00:00:00,61.65933333,0.771333333,72.5,0,0,0.876712329,0.858974359,0.825396825,0.736111111,0.8,0.812286689,0.737024221,0.779783394,2023
2023-06-20 00:00:00,91.324,0.909266667,72,0,0,0.929577465,0.833333333,0.801587302,0.755244755,0.803370787,0.789830508,0.740484429,0.737588652,2023
2023-06-21 00:00:00,77.93529412,0.841088235,68,1.85,0,0.928571429,0.818181818,0.833333333,0.783216783,0.846590909,0.800675676,0.734482759,0.722222222,2023
2023-06-22 00:00:00,78.25421053,0.864842105,66,0.16,0,0.885714286,0.810126582,0.850393701,0.85106383,0.908045977,0.795221843,0.772413793,0.732638889,2023
2023-06-23 00:00:00,80.22764706,0.845282353,69,0,0,0.830985915,0.848101266,0.896825397,0.90647482,0.898305085,0.788395904,0.786941581,0.799295775,2023
2023-06-24 00:00:00,82.13285714,0.883880952,66,0,0,0.885714286,0.759493671,0.887096774,0.913043478,0.787709497,0.810996564,0.787671233,0.8,2023
2023-06-25 00:00:00,80.42,0.99,65,0,0,0.871428571,0.802631579,0.901639344,0.856115108,0.744444444,0.824742268,0.820069204,0.809859155,2023
2023-06-26 00:00:00,139.995,1.0484,69.5,0,0,0.842857143,0.909090909,0.856,0.798561151,0.79558011,0.819112628,0.839721254,0.772727273,2023
2023-06-27 00:00:00,114.99,1.006666667,75.5,0,0,0.885714286,0.820512821,0.845528455,0.758865248,0.823863636,0.773195876,0.839721254,0.734982332,2023
2023-06-28 00:00:00,114.9916667,0.939083333,72,0,0,0.914285714,0.769230769,0.9,0.811594203,0.81871345,0.751724138,0.802083333,0.758741259,2023
2023-06-29 00:00:00,156.7861538,1.135076923,69,0.64,0,0.897058824,0.8,0.906779661,0.842105263,0.899408284,0.764505119,0.786941581,0.801444043,2023
2023-06-30 00:00:00,115.8452941,1.028952941,62,0.11,0,0.911764706,0.866666667,0.907563025,0.8515625,0.887573964,0.768965517,0.796551724,0.781818182,2023
2023-07-01 00:00:00,121.2748485,1.018227273,68,0,0,0.897058824,0.878378378,0.899159664,0.832061069,0.794117647,0.756944444,0.815068493,0.818518519,2023
2023-07-02 00:00:00,199.99,1.241625,72,0,0,0.838235294,0.890410959,0.875,0.784615385,0.779069767,0.763250883,0.802768166,0.778597786,2023
2023-07-03 00:00:00,77.14333333,0.892222222,72.5,0.01,0,0.823529412,0.853333333,0.902439024,0.821705426,0.722543353,0.757042254,0.782758621,0.725631769,2023
2023-07-04 00:00:00,55.85,0.791,66,0.77,0,0.7,0.789473684,0.817460317,0.765151515,0.74137931,0.764084507,0.783505155,0.712230216,2023
2023-07-05 00:00:00,47.60333333,0.883444444,62.5,0.01,0,0.685714286,0.792207792,0.763779528,0.763358779,0.721590909,0.73943662,0.762068966,0.7,2023
2023-07-06 00:00:00,29.10823529,0.755,68,0.02,0,0.757142857,0.765432099,0.784615385,0.770992366,0.797687861,0.774305556,0.786206897,0.73943662,2023
2023-07-07 00:00:00,29.73190476,0.724102381,65.5,0.12,0,0.768115942,0.729411765,0.792307692,0.790697674,0.752873563,0.828767123,0.75432526,0.732394366,2023
2023-07-08 00:00:00,32.16394737,0.727626316,68,0,0,0.695652174,0.741176471,0.776923077,0.8,0.670391061,0.846416382,0.761245675,0.793594306,2023
2023-07-09 00:00:00,29.17454545,0.640363636,68.5,0,0,0.782608696,0.788235294,0.782945736,0.71969697,0.69273743,0.85665529,0.756013746,0.771428571,2023
2023-07-10 00:00:00,27.45866667,0.672733333,76.5,0.00,0,0.838235294,0.829268293,0.770992366,0.755725191,0.716666667,0.846416382,0.756013746,0.74368231,2023
2023-07-11 00:00:00,28.8575,0.757083333,78.5,0.00,0,0.768115942,0.761904762,0.787878788,0.753731343,0.735955056,0.797297297,0.762886598,0.76618705,2023
2023-07-12 00:00:00,37.34375,0.707645833,75.5,0.00,0,0.728571429,0.770114943,0.807692308,0.755725191,0.751412429,0.793918919,0.739726027,0.805054152,2023
2023-07-13 00:00:00,29.20157895,0.735815789,77,0.00,0,0.728571429,0.752808989,0.784615385,0.8203125,0.761363636,0.787162162,0.757679181,0.775,2023
2023-07-14 00:00:00,32.29694444,0.754277778,71.5,0.00,0,0.657142857,0.813953488,0.753968254,0.821705426,0.762711864,0.793918919,0.749140893,0.759717314,2023
2023-07-15 00:00:00,33.50125,0.80053125,72,0.00,0,0.742857143,0.790697674,0.8,0.801526718,0.681564246,0.821548822,0.76975945,0.825,2023
2023-07-16 00:00:00,41.65777778,0.768888889,74.5,0.00,0,0.785714286,0.78313253,0.765625,0.736842105,0.701657459,0.838926174,0.774744027,0.82078853,2023
2023-07-17 00:00:00,29.71277778,0.757777778,79.5,0.00,0,0.774647887,0.817073171,0.730769231,0.733333333,0.741758242,0.812080537,0.789830508,0.788732394,2023
2023-07-18 00:00:00,29.99,0.79,82.5,0.00,0,0.828571429,0.825,0.724409449,0.762962963,0.777173913,0.747508306,0.793220339,0.785964912,2023
2023-07-19 00:00:00,31.113,0.71991,78,0.00,0,0.785714286,0.835443038,0.793650794,0.766917293,0.775956284,0.757475083,0.774410774,0.803508772,2023
2023-07-20 00:00:00,29.99,0.79,68.5,0.2,0,0.704225352,0.853658537,0.818897638,0.84962406,0.867403315,0.764900662,0.752542373,0.783216783,2023
2023-07-21 00:00:00,29.13704545,0.720818182,68,0.06,0,0.633802817,0.8375,0.830645161,0.847328244,0.85,0.773026316,0.759322034,0.807017544,2023
2023-07-22 00:00:00,37.26967213,0.703614754,73.5,0,0,0.763888889,0.825,0.844262295,0.840909091,0.791208791,0.830065359,0.767918089,0.86013986,2023
2023-07-23 00:00:00,37.71818182,0.629,77,0,0,0.774647887,0.814814815,0.845528455,0.791044776,0.75,0.859934853,0.766101695,0.846689895,2023
2023-07-24 00:00:00,30.08296296,0.786296296,80.5,0.09,0,0.785714286,0.898734177,0.821138211,0.739130435,0.766304348,0.849673203,0.801369863,0.81533101,2023
2023-07-25 00:00:00,32.84666667,0.757038889,81.5,0.13,0,0.887323944,0.9,0.827868852,0.715328467,0.798913043,0.82295082,0.784246575,0.800699301,2023
2023-07-26 00:00:00,36.985,0.7462,79.5,0.11,0,0.771428571,0.864197531,0.869918699,0.858208955,0.832432432,0.80781759,0.761904762,0.771929825,2023
2023-07-27 00:00:00,84.73333333,0.874055556,79,0.00,0,0.814285714,0.817073171,0.876033058,0.814814815,0.914893617,0.840390879,0.759322034,0.830388693,2023
2023-07-28 00:00:00,104.2789655,0.933931034,77,0.28,0,0.797101449,0.829268293,0.905982906,0.844444444,0.875675676,0.843648208,0.780821918,0.832142857,2023
2023-07-29 00:00:00,101.0531818,0.925072727,76,0,0,0.898550725,0.825,0.931034483,0.810606061,0.84180791,0.838815789,0.806896552,0.899641577,2023
2023-07-30 00:00:00,121.4763636,1.000590909,77,0,0,0.942857143,0.833333333,0.888888889,0.763358779,0.788888889,0.867109635,0.81533101,0.884476534,2023
2023-07-31 00:00:00,74.81608696,0.90976087,76.5,0.3,0,0.9,0.864197531,0.865546218,0.816793893,0.847457627,0.877076412,0.822916667,0.830935252,2023
2023-08-01 00:00:00,35.61047619,0.699602381,75.5,0.00,0,0.85915493,0.9375,0.813559322,0.877862595,0.872093023,0.820598007,0.805555556,0.828571429,2023
2023-08-02 00:00:00,33.45529412,0.648870588,73.5,0.05,0,0.830985915,0.9,0.780487805,0.871212121,0.808988764,0.789473684,0.784722222,0.797153025,2023
2023-08-03 00:00:00,30.18454545,0.639242424,73.5,0.6,0,0.771428571,0.879518072,0.803278689,0.823076923,0.852272727,0.803278689,0.786206897,0.809187279,2023
2023-08-04 00:00:00,31.17290909,0.622736364,74,0,0,0.816901408,0.880952381,0.803278689,0.804511278,0.820224719,0.790849673,0.766323024,0.79020979,2023
2023-08-05 00:00:00,29.85859649,0.604377193,72,0.00,0,0.8,0.903614458,0.816666667,0.818181818,0.724324324,0.811881188,0.790378007,0.802083333,2023
2023-08-06 00:00:00,29.79066667,0.610666667,63.5,0.00,0,0.811594203,0.915662651,0.833333333,0.68115942,0.715846995,0.831683168,0.813148789,0.772727273,2023
2023-08-07 00:00:00,29.591,0.61255,68.5,0.09,0,0.927536232,0.911392405,0.741935484,0.651851852,0.715053763,0.805280528,0.813793103,0.719298246,2023
2023-08-08 00:00:00,29.60615385,0.613846154,69,0,0,0.911764706,0.911392405,0.729508197,0.711111111,0.689839572,0.774509804,0.813793103,0.705263158,2023
2023-08-09 00:00:00,29.25333333,0.597428571,68,0,0,0.838235294,0.865853659,0.752066116,0.708955224,0.735135135,0.767213115,0.789655172,0.721830986,2023
2023-08-10 00:00:00,35.41157895,0.601394737,76.5,0,0,0.811594203,0.804597701,0.771186441,0.748148148,0.77173913,0.755775578,0.754266212,0.758741259,2023
2023-08-11 00:00:00,30.56,0.554928571,76.5,0.00,0,0.814285714,0.793478261,0.788135593,0.824427481,0.722826087,0.751655629,0.755102041,0.748251748,2023
2023-08-12 00:00:00,30.69322034,0.570369492,77,0,0,0.828571429,0.705263158,0.810344828,0.753846154,0.693989071,0.749174917,0.755102041,0.777003484,2023
2023-08-13 00:00:00,54.56363636,0.626363636,66,0,0,0.771428571,0.747368421,0.796610169,0.674242424,0.699453552,0.778145695,0.780821918,0.774305556,2023
2023-08-14 00:00:00,29.11666667,0.578333333,64,0,0,0.885714286,0.880434783,0.745901639,0.738461538,0.732240437,0.774834437,0.821917808,0.726643599,2023
2023-08-15 00:00:00,29.60615385,0.567692308,73,0,0,0.940298507,0.861702128,0.752,0.7578125,0.761111111,0.741721854,0.811643836,0.685121107,2023
2023-08-16 00:00:00,28.76466667,0.524686667,83,0,0,0.897058824,0.783505155,0.73015873,0.761538462,0.766666667,0.759197324,0.804794521,0.695205479,2023
2023-08-17 00:00:00,30.46619048,0.59,76,0,0,0.85915493,0.705882353,0.723577236,0.778625954,0.815642458,0.75,0.796551724,0.709897611,2023
2023-08-18 00:00:00,29.41137255,0.615362745,83,0.00,0,0.794520548,0.742268041,0.731092437,0.821705426,0.810055866,0.776666667,0.796551724,0.738095238,2023
2023-08-19 00:00:00,28.9808,0.57993,79.5,0.1,0,0.849315068,0.762886598,0.709401709,0.813953488,0.735955056,0.79264214,0.807560137,0.762711864,2023
2023-08-20 00:00:00,27.82466667,0.523366667,77.5,0,0,0.863013699,0.816326531,0.661016949,0.71641791,0.75,0.806666667,0.815068493,0.762711864,2023
2023-08-21 00:00:00,28.29833333,0.490305556,85.5,0,0,0.864864865,0.87628866,0.566666667,0.656934307,0.7,0.794019934,0.817241379,0.731292517,2023
2023-08-22 00:00:00,29.304375,0.5556875,84.5,0,0,0.861111111,0.806122449,0.677966102,0.635714286,0.664835165,0.718543046,0.820689655,0.677966102,2023
2023-08-23 00:00:00,31.24,0.531875,79,0,0,0.821917808,0.727272727,0.694915254,0.644927536,0.715846995,0.676470588,0.804123711,0.725752508,2023
2023-08-24 00:00:00,28.83227273,0.585159091,79.5,0.01,0,0.794520548,0.75,0.709401709,0.688405797,0.78021978,0.720394737,0.797945205,0.75,2023
2023-08-25 00:00:00,32.16121951,0.593109756,64.5,0.03,0,0.689189189,0.808080808,0.752066116,0.766423358,0.806629834,0.702614379,0.797945205,0.734219269,2023
2023-08-26 00:00:00,30.11272727,0.545189394,68.5,0.00,0,0.72972973,0.8,0.808333333,0.757352941,0.720670391,0.700325733,0.819112628,0.781879195,2023
2023-08-27 00:00:00,28.52533333,0.547733333,74.5,0.05,0,0.810810811,0.818181818,0.766666667,0.701492537,0.719101124,0.774509804,0.825938567,0.784511785,2023
2023-08-28 00:00:00,29.092,0.5687,69,0.00,0,0.810810811,0.875,0.677419355,0.679104478,0.679775281,0.752442997,0.854166667,0.698305085,2023
2023-08-29 00:00:00,27.325,0.5025,68.5,0.00,0,0.830985915,0.870967742,0.682926829,0.708955224,0.748603352,0.706840391,0.864111498,0.701694915,2023
2023-08-30 00:00:00,29.22027027,0.573567568,77.5,0,0,0.785714286,0.858695652,0.776859504,0.77037037,0.768361582,0.71197411,0.824137931,0.736486486,2023
2023-08-31 00:00:00,38.495625,0.631515625,79,0,0,0.708333333,0.817204301,0.719008264,0.772058824,0.830409357,0.720779221,0.828178694,0.766891892,2023
,,,,,,,,,,,,,,
,,,,,,,,,,,,,,
,,,,,,,,,,,,,,
,,,,,,,,,,,,,,
,,,,,,,,,,,,,,
,,,,,,,,,,,,,,
,,,,,,,,,,,,,,
,,,,,,,,,,,,,,
,,,,,,,,,,,,,,
,,,,,,,,,,,,,,
,,,,,,,,,,,,,,
,,,,,,,,,,,,,,
,,,,,,,,,,,,,,
,,,,,,,,,,,,,,
,,,,,,,,,,,,,,
,,,,,,,,,,,,,,
,,,,,,,,,,,,,,
,,,,,,,,,,,,,,
,,,,,,,,,,,,,,
,,,,,,,,,,,,,,
,,,,,,,,,,,,,,
,,,,,,,,,,,,,,
,,,,,,,,,,,,,,
,,,,,,,,,,,,,,
,,,,,,,,,,,,,,
,,,,,,,,,,,,,,
,,,,,,,,,,,,,,
,,,,,,,,,,,,,,
,,,,,,,,,,,,,,
,,,,,,,,,,,,,,
,,,,,,,,,,,,,,
,,,,,,,,,,,,,,
,,,,,,,,,,,,,,
,,,,,,,,,,,,,,
,,,,,,,,,,,,,,
,,,,,,,,,,,,,,
,,,,,,,,,,,,,,
,,,,,,,,,,,,,,
,,,,,,,,,,,,,,
,,,,,,,,,,,,,,
,,,,,,,,,,,,,,
,,,,,,,,,,,,,,
,,,,,,,,,,,,,,
,,,,,,,,,,,,,,
,,,,,,,,,,,,,,
,,,,,,,,,,,,,,
,,,,,,,,,,,,,,
,,,,,,,,,,,,,,
,,,,,,,,,,,,,,
,,,,,,,,,,,,,,
,,,,,,,,,,,,,,
,,,,,,,,,,,,,,
,,,,,,,,,,,,,,
,,,,,,,,,,,,,,
,,,,,,,,,,,,,,
,,,,,,,,,,,,,,
,,,,,,,,,,,,,,
,,,,,,,,,,,,,,
,,,,,,,,,,,,,,
,,,,,,,,,,,,,,
,,,,,,,,,,,,,,
,,,,,,,,,,,,,,
,,,,,,,,,,,,,,
,,,,,,,,,,,,,,
,,,,,,,,,,,,,,
,,,,,,,,,,,,,,
,,,,,,,,,,,,,,
,,,,,,,,,,,,,,
,,,,,,,,,,,,,,
,,,,,,,,,,,,,,
,,,,,,,,,,,,,,
,,,,,,,,,,,,,,
,,,,,,,,,,,,,,
,,,,,,,,,,,,,,
,,,,,,,,,,,,,,
,,,,,,,,,,,,,,
,,,,,,,,,,,,,,
,,,,,,,,,,,,,,
,,,,,,,,,,,,,,
,,,,,,,,,,,,,,
,,,,,,,,,,,,,,
,,,,,,,,,,,,,,
,,,,,,,,,,,,,,
,,,,,,,,,,,,,,
,,,,,,,,,,,,,,
,,,,,,,,,,,,,,
,,,,,,,,,,,,,,
,,,,,,,,,,,,,,
,,,,,,,,,,,,,,
,,,,,,,,,,,,,,
,,,,,,,,,,,,,,
,,,,,,,,,,,,,,
,,,,,,,,,,,,,,
,,,,,,,,,,,,,,
,,,,,,,,,,,,,,
,,,,,,,,,,,,,,
,,,,,,,,,,,,,,
,,,,,,,,,,,,,,
,,,,,,,,,,,,,,
,,,,,,,,,,,,,,
,,,,,,,,,,,,,,
,,,,,,,,,,,,,,
,,,,,,,,,,,,,,
,,,,,,,,,,,,,,
,,,,,,,,,,,,,,
,,,,,,,,,,,,,,
,,,,,,,,,,,,,,
,,,,,,,,,,,,,,
,,,,,,,,,,,,,,
,,,,,,,,,,,,,,
,,,,,,,,,,,,,,
,,,,,,,,,,,,,,
,,,,,,,,,,,,,,
,,,,,,,,,,,,,,
,,,,,,,,,,,,,,
,,,,,,,,,,,,,,
,,,,,,,,,,,,,,
,,,,,,,,,,,,,,
,,,,,,,,,,,,,,
,,,,,,,,,,,,,,
,,,,,,,,,,,,,,
,,,,,,,,,,,,,,
,,,28.5,0.05,4,,,,,,,,,